Id,Site Id,Longitude,Latitude,Report Date / Time,Air Temperature,Wet Bulb,Dew Point,Concrete Temp.,Grass Temp.,Min. Temp. (last 24hr),Max. Temp. (last 24hr),Soil Temp. (at 10cm),Soil Temp. (at 30cm),Soil Temp. (at 100cm),Mean Sea-Level Pressure,Pressure (At Station),Relative Humidity,Rainfall Rate,Rainfall Accumulation,Wind Speed,Wind Direction,Wind Gust,Wind Gust Direction,Snow Depth,Soil Moisture,Present Weather,Visibility,Total Cloud Cover,Sunshine,Ground State,Day of Thunder,Day of Gales,Day of Hail,Day of Snow,Weather Diary,Travel Disruption,Hazards causing Travel Disruption,Property or Infrastructure Damage,Hazards causing Property or Infrastructure Damage,Personal Health and Safety,Hazards causing Personal Health and Safety,Utility Disruption,Hazards causing Utility Disruption,Service or Business Disruption,Hazards causing Service or Business Disruption,Agriculture Habitat Damage,Hazards causing Agriculture Habitat Damage,Disruption to Camping Events Leisure Activities,Hazards causing Disruption to Camping Events Leisure Activities,v1_Coastal,v1_Flood,v1_Ice,v1_Landslide,v1_Lightning,v1_PoorVisibility,v1_Snow,v1_Wildfire,v1_Wind,v1_Other
﻿20191013hbwtiz8pkoe6uqdnyyb96scn6y,406636954,130.8925018,-12.42389965,13/10/2019 00:50,30.3,,22,,,24.3,31.6,,,,1013.3,,61,0,0,5,315,9,315,,,,,,,,,,,,,,,,,,,,,,,,,,,,,,,,,,,,
20191013mc7e4jzpmwe6uqdnyyb96sc6rw,406636954,130.8925018,-12.42389965,13/10/2019 01:50,32.7,,22,,,24.3,33,,,,1012.7,,53,0,0,10,292.5,12,292.5,,,,,,,,,,,,,,,,,,,,,,,,,,,,,,,,,,,,
20191013zsde7dzpcwe6uqdnyyb96sc6rw,406636954,130.8925018,-12.42389965,13/10/2019 02:50,32.3,,22,,,24.3,33,,,,1011.7,,54,0,0,10,292.5,14,292.5,,,,,,,,,,,,,,,,,,,,,,,,,,,,,,,,,,,,
2019101363pizfzppwe6uqdnyyb96scn6y,406636954,130.8925018,-12.42389965,13/10/2019 03:50,32.2,,21.9,,,24.3,33.4,,,,1010.6,,54,0,0,11,292.5,15,315,,,,,,,,,,,,,,,,,,,,,,,,,,,,,,,,,,,,
20191013pyrcpm8pqae6uqdnyyb96scn6y,406636954,130.8925018,-12.42389965,13/10/2019 04:50,32.2,,22.6,,,24.3,33.8,,,,1009.5,,57,0,0,13,315,17,315,,,,,,,,,,,,,,,,,,,,,,,,,,,,,,,,,,,,
20191013zkzow3xpxae6uqdnyyb96scn6y,406636954,130.8925018,-12.42389965,13/10/2019 05:50,31.3,,21.7,,,24.3,33.8,,,,1009.2,,56,0,0,12,337.5,19,337.5,,,,,,,,,,,,,,,,,,,,,,,,,,,,,,,,,,,,
20191013fjupqr8pohe6uqdnyyb96sc6rw,406636954,130.8925018,-12.42389965,13/10/2019 06:50,31.3,,19.6,,,24.3,33.8,,,,1008.9,,49,0,0,11,315,19,337.5,,,,,,,,,,,,,,,,,,,,,,,,,,,,,,,,,,,,
20191013xueco7xpthe6uqdnyyb96sc6rw,406636954,130.8925018,-12.42389965,13/10/2019 07:50,30.3,,20,,,24.3,33.8,,,,1009.2,,54,0,0,7,337.5,19,337.5,,,,,,,,,,,,,,,,,,,,,,,,,,,,,,,,,,,,
201910139i5aem9p1he6uqdnyyb96sc6rw,406636954,130.8925018,-12.42389965,13/10/2019 08:50,30,,19.6,,,29.9,33.8,,,,1009.6,,53,0,0,5,315,19,337.5,,,,,,,,,,,,,,,,,,,,,,,,,,,,,,,,,,,,
20191013ekcpbpzpwye6uqdnyyb96sc6rw,406636954,130.8925018,-12.42389965,13/10/2019 09:50,29.5,,18.1,,,29.4,33.8,,,,1010.1,,50,0,0,7,292.5,19,337.5,,,,,,,,,,,,,,,,,,,,,,,,,,,,,,,,,,,,
20191013sbk1zaxpiye6uqdnyyb96sc6rw,406636954,130.8925018,-12.42389965,13/10/2019 10:50,28.6,,22.9,,,28.6,33.8,,,,1010.7,,71,0,0,7,270,19,337.5,,,,,,,,,,,,,,,,,,,,,,,,,,,,,,,,,,,,
20191013bjdg8u8psre6uqdnyyb96sc6rw,406636954,130.8925018,-12.42389965,13/10/2019 11:50,28.7,,22.4,,,28.6,33.8,,,,1011.7,,68,0,0,10,292.5,19,337.5,,,,,,,,,,,,,,,,,,,,,,,,,,,,,,,,,,,,
201910131na88p8pzre6uqdnyyb96sc6rw,406636954,130.8925018,-12.42389965,13/10/2019 12:50,28.6,,20.4,,,28.5,33.8,,,,1012.4,,61,0,0,9,315,19,337.5,,,,,,,,,,,,,,,,,,,,,,,,,,,,,,,,,,,,
2019101351ef1x8pare6uqdnyyb96scn6y,406636954,130.8925018,-12.42389965,13/10/2019 13:50,27.9,,19.1,,,27.9,33.8,,,,1012.4,,58,0,0,5,315,19,337.5,,,,,,,,,,,,,,,,,,,,,,,,,,,,,,,,,,,,
201910138893r6zp3ee6uqdnyyb96sc6rw,406636954,130.8925018,-12.42389965,13/10/2019 14:50,27.6,,18.4,,,27.5,33.8,,,,1012.2,,57,0,0,5,337.5,7,315,,,,,,,,,,,,,,,,,,,,,,,,,,,,,,,,,,,,
20191013toa95gzp4ee6uqdnyyb96scn6y,406636954,130.8925018,-12.42389965,13/10/2019 15:50,25.3,,18.7,,,25.3,33.8,,,,1011.7,,67,0,0,3,315,7,315,,,,,,,,,,,,,,,,,,,,,,,,,,,,,,,,,,,,
2019101391y4sizp5ee6uqdnyyb96sc6rw,406636954,130.8925018,-12.42389965,13/10/2019 16:50,24.1,,19.1,,,24.1,33.8,,,,1011.3,,73,0,0,0,0,7,315,,,,,,,,,,,,,,,,,,,,,,,,,,,,,,,,,,,,
20191013kw4qtrzphce6uqdnyyb96sc6rw,406636954,130.8925018,-12.42389965,13/10/2019 17:50,23.3,,19.2,,,23.3,33.8,,,,1011.2,,78,0,0,2,90,7,315,,,,,,,,,,,,,,,,,,,,,,,,,,,,,,,,,,,,
20191013z971wqxp7ce6uqdnyyb96sc6rw,406636954,130.8925018,-12.42389965,13/10/2019 18:50,23,,19.4,,,23,33.8,,,,1011.5,,80,0,0,0,0,7,315,,,,,,,,,,,,,,,,,,,,,,,,,,,,,,,,,,,,
20191013njdjsbxp6oe6uqdnyyb96sc6rw,406636954,130.8925018,-12.42389965,13/10/2019 19:50,22.5,,19.5,,,22.5,33.8,,,,1011.8,,83,0,0,0,0,7,315,,,,,,,,,,,,,,,,,,,,,,,,,,,,,,,,,,,,
20191013omrf4xzp9oe6uqdnyyb96sc6rw,406636954,130.8925018,-12.42389965,13/10/2019 20:50,21.8,,19.6,,,21.8,22.3,,,,1012.4,,87,0,0,2,45,7,315,,,,,,,,,,,,,,,,,,,,,,,,,,,,,,,,,,,,
20191013hwuyog8qyoe6uqdnyyb96sc6rw,406636954,130.8925018,-12.42389965,13/10/2019 21:50,24.4,,20.2,,,21.8,24.4,,,,1013.2,,77,0,0,4,67.5,7,67.5,,,,,,,,,,,,,,,,,,,,,,,,,,,,,,,,,,,,
20191013e6ugngzqbwe6uqdnyyb96sc6rw,406636954,130.8925018,-12.42389965,13/10/2019 22:50,28.2,,21.5,,,21.8,28.2,,,,1014,,67,0,0,4,22.5,7,67.5,,,,,,,,,,,,,,,,,,,,,,,,,,,,,,,,,,,,
20191013uewbaexqnwe6uqdnyyb96scn6y,406636954,130.8925018,-12.42389965,13/10/2019 23:50,29.6,,20.4,,,21.8,30,,,,1014.4,,57,0,0,4,0,8,45,,,,,,,,,,,,,,,,,,,,,,,,,,,,,,,,,,,,
﻿20191014rzx5sh8qdae6uqdnyyb96sc6rw,406636954,130.8925018,-12.42389965,14/10/2019 00:50,31.3,,17.7,,,21.8,32.1,,,,1014.2,,44,0,0,4,22.5,8,22.5,,,,,,,,,,,,,,,,,,,,,,,,,,,,,,,,,,,,
20191014qw86o19qrae6uqdnyyb96scn6y,406636954,130.8925018,-12.42389965,14/10/2019 01:50,32.4,,17.4,,,21.8,32.8,,,,1013.6,,40,0,0,7,0,11,0,,,,,,,,,,,,,,,,,,,,,,,,,,,,,,,,,,,,
20191014h86xue9qfae6uqdnyyb96sc6rw,406636954,130.8925018,-12.42389965,14/10/2019 02:50,33.6,,12.5,,,21.8,35,,,,1012.6,,27,0,0,13,337.5,16,337.5,,,,,,,,,,,,,,,,,,,,,,,,,,,,,,,,,,,,
20191014f9g9uo9qghe6uqdnyyb96sc6rw,406636954,130.8925018,-12.42389965,14/10/2019 03:50,33.7,,12.9,,,21.8,35.4,,,,1011.9,,28,0,0,14,337.5,17,337.5,,,,,,,,,,,,,,,,,,,,,,,,,,,,,,,,,,,,
201910141kpfr8zq8he6uqdnyyb96sc6rw,406636954,130.8925018,-12.42389965,14/10/2019 04:50,35.5,,8,,,21.8,35.7,,,,1011,,18,0,0,12,337.5,25,0,,,,,,,,,,,,,,,,,,,,,,,,,,,,,,,,,,,,
201910147kcqwexqehe6uqdnyyb96sc6rw,406636954,130.8925018,-12.42389965,14/10/2019 05:50,34.3,,6.2,,,21.8,35.8,,,,1010.3,,17,0,0,14,0,25,0,,,,,,,,,,,,,,,,,,,,,,,,,,,,,,,,,,,,
20191014mbs46j8qkye6uqdnyyb96scn6y,406636954,130.8925018,-12.42389965,14/10/2019 06:50,34.7,,5.7,,,21.8,35.8,,,,1009.9,,16,0,0,14,22.5,25,0,,,,,,,,,,,,,,,,,,,,,,,,,,,,,,,,,,,,
20191014ijq46fzqmye6uqdnyyb96scn6y,406636954,130.8925018,-12.42389965,14/10/2019 07:50,34.1,,3.7,,,21.8,35.8,,,,1010,,15,0,0,12,22.5,25,0,,,,,,,,,,,,,,,,,,,,,,,,,,,,,,,,,,,,
20191014eokicqzqcre6uqdnyyb96scn6y,406636954,130.8925018,-12.42389965,14/10/2019 08:50,32.6,,5.7,,,32.6,35.8,,,,1010.1,,18,0,0,9,22.5,25,0,,,,,,,,,,,,,,,,,,,,,,,,,,,,,,,,,,,,
20191014ptsp3gxqpre6uqdnyyb96sc6rw,406636954,130.8925018,-12.42389965,14/10/2019 09:50,30.6,,10.3,,,30.6,35.8,,,,1010.4,,28,0,0,9,22.5,25,0,,,,,,,,,,,,,,,,,,,,,,,,,,,,,,,,,,,,
201910149i9s6nzqqre6uqdnyyb96scn6y,406636954,130.8925018,-12.42389965,14/10/2019 10:50,28.9,,15,,,28.9,35.8,,,,1011,,42,0,0,6,22.5,25,0,,,,,,,,,,,,,,,,,,,,,,,,,,,,,,,,,,,,
201910148oa7yo8qxee6uqdnyyb96sc6rw,406636954,130.8925018,-12.42389965,14/10/2019 11:50,28,,17.9,,,28,35.8,,,,1012,,54,0,0,2,22.5,25,0,,,,,,,,,,,,,,,,,,,,,,,,,,,,,,,,,,,,
20191014wiopyy8qoee6uqdnyyb96sc6rw,406636954,130.8925018,-12.42389965,14/10/2019 12:50,27,,18,,,27,35.8,,,,1012.6,,58,0,0,3,292.5,25,0,,,,,,,,,,,,,,,,,,,,,,,,,,,,,,,,,,,,
201910146mz4ku9qtee6uqdnyyb96scn6y,406636954,130.8925018,-12.42389965,14/10/2019 13:50,27.3,,18.9,,,26.4,35.8,,,,1012.8,,60,0,0,3,247.5,25,0,,,,,,,,,,,,,,,,,,,,,,,,,,,,,,,,,,,,
20191014p1gfy88q1ce6uqdnyyb96sc6rw,406636954,130.8925018,-12.42389965,14/10/2019 14:50,27,,19.6,,,26.4,35.8,,,,1012.7,,64,0,0,4,247.5,4,247.5,,,,,,,,,,,,,,,,,,,,,,,,,,,,,,,,,,,,
20191014s4m6iexquce6uqdnyyb96sc6rw,406636954,130.8925018,-12.42389965,14/10/2019 15:50,26.7,,20.5,,,26.4,35.8,,,,1012.5,,69,0,0,3,247.5,5,247.5,,,,,,,,,,,,,,,,,,,,,,,,,,,,,,,,,,,,
20191014fr5qnsxqwoe6uqdnyyb96sc6rw,406636954,130.8925018,-12.42389965,14/10/2019 16:50,25.6,,20.2,,,25.2,35.8,,,,1012,,72,0,0,3,225,5,247.5,,,,,,,,,,,,,,,,,,,,,,,,,,,,,,,,,,,,
20191014xkmxyr8qioe6uqdnyyb96scn6y,406636954,130.8925018,-12.42389965,14/10/2019 17:50,24,,19.6,,,23.9,35.8,,,,1011.7,,76,0,0,3,247.5,5,247.5,,,,,,,,,,,,,,,,,,,,,,,,,,,,,,,,,,,,
201910149wg6rgzqsoe6uqdnyyb96sc6rw,406636954,130.8925018,-12.42389965,14/10/2019 18:50,23.4,,19.5,,,23.3,35.8,,,,1012.1,,79,0,0,3,202.5,5,247.5,,,,,,,,,,,,,,,,,,,,,,,,,,,,,,,,,,,,
201910148ia5kpxqzwe6uqdnyyb96sc6rw,406636954,130.8925018,-12.42389965,14/10/2019 19:50,22.8,,19.2,,,22.7,35.8,,,,1012.5,,80,0,0,2,67.5,5,247.5,,,,,,,,,,,,,,,,,,,,,,,,,,,,,,,,,,,,
20191014i9ynnb8qawe6uqdnyyb96sc6rw,406636954,130.8925018,-12.42389965,14/10/2019 20:50,22.2,,19.7,,,22.2,22.4,,,,1012.8,,86,0,0,3,90,5,247.5,,,,,,,,,,,,,,,,,,,,,,,,,,,,,,,,,,,,
20191014yc1czexq3ae6uqdnyyb96sc6rw,406636954,130.8925018,-12.42389965,14/10/2019 21:50,25.6,,20.4,,,22.2,25.6,,,,1013.4,,73,0,0,2,112.5,5,247.5,,,,,,,,,,,,,,,,,,,,,,,,,,,,,,,,,,,,
20191014xwgwzhxq4ae6uqdnyyb96sc6rw,406636954,130.8925018,-12.42389965,14/10/2019 22:50,28,,21.4,,,22.2,28,,,,1014,,67,0,0,2,45,5,247.5,,,,,,,,,,,,,,,,,,,,,,,,,,,,,,,,,,,,
2019101456b9sk9q5ae6uqdnyyb96sc6rw,406636954,130.8925018,-12.42389965,14/10/2019 23:50,29.4,,20.1,,,22.2,29.5,,,,1014.4,,57,0,0,3,22.5,7,22.5,,,,,,,,,,,,,,,,,,,,,,,,,,,,,,,,,,,,
﻿20191015g7osqrxqhhe6uqdnyyb96scn6y,406636954,130.8925018,-12.42389965,15/10/2019 00:50,31.1,,17.6,,,22.2,31.5,,,,1013.9,,44,0,0,2,45,8,0,,,,,,,,,,,,,,,,,,,,,,,,,,,,,,,,,,,,
20191015tbu3se8q7he6uqdnyyb96scn6y,406636954,130.8925018,-12.42389965,15/10/2019 01:50,31.8,,20,,,22.2,32.6,,,,1013.2,,49,0,0,9,337.5,13,337.5,,,,,,,,,,,,,,,,,,,,,,,,,,,,,,,,,,,,
201910156hxcrbzq6he6uqdnyyb96scn6y,406636954,130.8925018,-12.42389965,15/10/2019 02:50,32.9,,17.3,,,22.2,34.3,,,,1012,,39,0,0,10,337.5,15,337.5,,,,,,,,,,,,,,,,,,,,,,,,,,,,,,,,,,,,
20191015j1h6zr8xyye6uqdnyyb96scn6y,406636954,130.8925018,-12.42389965,15/10/2019 03:50,32.9,,17.5,,,22.2,34.3,,,,1011.1,,39,0,0,12,0,16,337.5,,,,,,,,,,,,,,,,,,,,,,,,,,,,,,,,,,,,
201910154w4siuxxbye6uqdnyyb96sc6rw,406636954,130.8925018,-12.42389965,15/10/2019 04:50,34,,14.6,,,22.2,34.3,,,,1010.5,,31,0,0,11,337.5,17,0,,,,,,,,,,,,,,,,,,,,,,,,,,,,,,,,,,,,
20191015rdwb33xxnre6uqdnyyb96sc6rw,406636954,130.8925018,-12.42389965,15/10/2019 05:50,34.3,,9.3,,,22.2,35,,,,1009.9,,21,0,0,11,0,20,0,,,,,,,,,,,,,,,,,,,,,,,,,,,,,,,,,,,,
201910151g5n8n9xdre6uqdnyyb96scn6y,406636954,130.8925018,-12.42389965,15/10/2019 06:50,34.5,,11.8,,,22.2,35.1,,,,1009.3,,25,0,0,14,22.5,20,0,,,,,,,,,,,,,,,,,,,,,,,,,,,,,,,,,,,,
201910157c4h6hxxrre6uqdnyyb96sc6rw,406636954,130.8925018,-12.42389965,15/10/2019 07:50,32.6,,14.5,,,22.2,35.1,,,,1009.3,,33,0,0,12,22.5,20,22.5,,,,,,,,,,,,,,,,,,,,,,,,,,,,,,,,,,,,
20191015eoybrexxfee6uqdnyyb96scn6y,406636954,130.8925018,-12.42389965,15/10/2019 08:50,31.1,,17.9,,,31.1,35.1,,,,1009.4,,45,0,0,9,22.5,20,22.5,,,,,,,,,,,,,,,,,,,,,,,,,,,,,,,,,,,,
20191015i8d3ec8xgee6uqdnyyb96scn6y,406636954,130.8925018,-12.42389965,15/10/2019 09:50,29.2,,20.3,,,29.2,35.1,,,,1010.3,,58,0,0,10,270,20,22.5,,,,,,,,,,,,,,,,,,,,,,,,,,,,,,,,,,,,
20191015y35ob5xx8ce6uqdnyyb96scn6y,406636954,130.8925018,-12.42389965,15/10/2019 10:50,27.9,,20.6,,,27.9,35.1,,,,1011,,64,0,0,6,247.5,20,22.5,,,,,,,,,,,,,,,,,,,,,,,,,,,,,,,,,,,,
20191015mr7dxq8xece6uqdnyyb96sc6rw,406636954,130.8925018,-12.42389965,15/10/2019 11:50,27.5,,21.5,,,27.5,35.1,,,,1011.4,,70,0,0,7,270,20,22.5,,,,,,,,,,,,,,,,,,,,,,,,,,,,,,,,,,,,
201910153wdxnzzxjce6uqdnyyb96sc6rw,406636954,130.8925018,-12.42389965,15/10/2019 12:50,27.4,,22.5,,,27.4,35.1,,,,1012.1,,74,0,0,7,270,20,22.5,,,,,,,,,,,,,,,,,,,,,,,,,,,,,,,,,,,,
20191015fjajx39xkoe6uqdnyyb96sc6rw,406636954,130.8925018,-12.42389965,15/10/2019 13:50,27.3,,22.6,,,27.3,35.1,,,,1012.3,,75,0,0,5,270,20,22.5,,,,,,,,,,,,,,,,,,,,,,,,,,,,,,,,,,,,
20191015iqprn49xmoe6uqdnyyb96scn6y,406636954,130.8925018,-12.42389965,15/10/2019 14:50,27.5,,22.6,,,27.3,35.1,,,,1012.4,,74,0,0,7,292.5,9,292.5,,,,,,,,,,,,,,,,,,,,,,,,,,,,,,,,,,,,
20191015hfyyt59xcoe6uqdnyyb96sc6rw,406636954,130.8925018,-12.42389965,15/10/2019 15:50,27.2,,21.5,,,27.2,35.1,,,,1011.9,,71,0,0,6,292.5,10,270,,,,,,,,,,,,,,,,,,,,,,,,,,,,,,,,,,,,
20191015chp5k8xxpwe6uqdnyyb96scn6y,406636954,130.8925018,-12.42389965,15/10/2019 16:50,26.6,,21.7,,,26.6,35.1,,,,1011.5,,74,0,0,5,292.5,10,270,,,,,,,,,,,,,,,,,,,,,,,,,,,,,,,,,,,,
20191015i8byqrzxqwe6uqdnyyb96sc6rw,406636954,130.8925018,-12.42389965,15/10/2019 17:50,26.2,,21.7,,,26.2,35.1,,,,1011.1,,76,0,0,5,270,10,270,,,,,,,,,,,,,,,,,,,,,,,,,,,,,,,,,,,,
20191015nqasnixxxae6uqdnyyb96sc6rw,406636954,130.8925018,-12.42389965,15/10/2019 18:50,26,,21.5,,,26,35.1,,,,1011,,76,0,0,4,270,10,270,,,,,,,,,,,,,,,,,,,,,,,,,,,,,,,,,,,,
20191015qce94u9xoae6uqdnyyb96sc6rw,406636954,130.8925018,-12.42389965,15/10/2019 19:50,25.8,,21.8,,,25.8,35.1,,,,1011.4,,78,0,0,4,270,10,270,,,,,,,,,,,,,,,,,,,,,,,,,,,,,,,,,,,,
2019101554yaiszxtae6uqdnyyb96sc6rw,406636954,130.8925018,-12.42389965,15/10/2019 20:50,23.9,,21.5,,,23.9,25.3,,,,1012.1,,86,0,0,3,270,10,270,,,,,,,,,,,,,,,,,,,,,,,,,,,,,,,,,,,,
20191015fprs8axx1he6uqdnyyb96sc6rw,406636954,130.8925018,-12.42389965,15/10/2019 21:50,25.9,,22.3,,,23.6,25.9,,,,1012.7,,80,0,0,2,337.5,10,270,,,,,,,,,,,,,,,,,,,,,,,,,,,,,,,,,,,,
20191015utsum98xuhe6uqdnyyb96scn6y,406636954,130.8925018,-12.42389965,15/10/2019 22:50,28.7,,21.9,,,23.6,28.7,,,,1013.4,,66,0,0,4,292.5,10,270,,,,,,,,,,,,,,,,,,,,,,,,,,,,,,,,,,,,
2019101577ifaexxwhe6uqdnyyb96scn6y,406636954,130.8925018,-12.42389965,15/10/2019 23:50,29.6,,21.2,,,23.6,30,,,,1013.7,,60,0,0,5,270,10,270,,,,,,,,,,,,,,,,,,,,,,,,,,,,,,,,,,,,
﻿20191016x3iudnzxsye6uqdnyyb96sc6rw,406636954,130.8925018,-12.42389965,16/10/2019 00:50,29.8,,21.8,,,23.6,30.8,,,,1013.6,,62,0,0,4,270,10,270,,,,,,,,,,,,,,,,,,,,,,,,,,,,,,,,,,,,
20191016sjkpbi9xzye6uqdnyyb96scn6y,406636954,130.8925018,-12.42389965,16/10/2019 01:50,30.9,,21.2,,,23.6,31.2,,,,1012.9,,56,0,0,8,292.5,13,292.5,,,,,,,,,,,,,,,,,,,,,,,,,,,,,,,,,,,,
20191016gna9oixxare6uqdnyyb96sc6rw,406636954,130.8925018,-12.42389965,16/10/2019 02:50,30.9,,21.2,,,23.6,32.1,,,,1012.2,,56,0,0,13,315,15,315,,,,,,,,,,,,,,,,,,,,,,,,,,,,,,,,,,,,
20191016qa53q7xx3re6uqdnyyb96scn6y,406636954,130.8925018,-12.42389965,16/10/2019 03:50,31,,21,,,23.6,32.4,,,,1011.2,,55,0,0,15,292.5,17,292.5,,,,,,,,,,,,,,,,,,,,,,,,,,,,,,,,,,,,
201910166giys18x4re6uqdnyyb96scn6y,406636954,130.8925018,-12.42389965,16/10/2019 04:50,31.3,,21.2,,,23.6,32.4,,,,1010.3,,55,0,0,16,292.5,19,292.5,,,,,,,,,,,,,,,,,,,,,,,,,,,,,,,,,,,,
20191016jxb9si8x5ee6uqdnyyb96scn6y,406636954,130.8925018,-12.42389965,16/10/2019 05:50,32.1,,20.4,,,23.6,32.5,,,,1009.7,,50,0,0,12,292.5,21,292.5,,,,,,,,,,,,,,,,,,,,,,,,,,,,,,,,,,,,
20191016ww6riqzxhee6uqdnyyb96scn6y,406636954,130.8925018,-12.42389965,16/10/2019 06:50,31.5,,18.7,,,23.6,32.5,,,,1009.6,,46,0,0,12,315,21,292.5,,,,,,,,,,,,,,,,,,,,,,,,,,,,,,,,,,,,
2019101693psuu9x7ee6uqdnyyb96scn6y,406636954,130.8925018,-12.42389965,16/10/2019 07:50,30.5,,19.5,,,23.6,32.5,,,,1009.7,,51,0,0,12,270,21,292.5,,,,,,,,,,,,,,,,,,,,,,,,,,,,,,,,,,,,
20191016pxtnrm9x6ce6uqdnyyb96scn6y,406636954,130.8925018,-12.42389965,16/10/2019 08:50,29.4,,20.5,,,29.3,32.5,,,,1010.1,,58,0,0,12,292.5,21,292.5,,,,,,,,,,,,,,,,,,,,,,,,,,,,,,,,,,,,
20191016hoedjy9x9ce6uqdnyyb96sc6rw,406636954,130.8925018,-12.42389965,16/10/2019 09:50,28.5,,21.2,,,28.5,32.5,,,,1010.6,,64,0,0,8,270,21,292.5,,,,,,,,,,,,,,,,,,,,,,,,,,,,,,,,,,,,
20191016f9wxyqzoyoe6uqdnyyb96sc6rw,406636954,130.8925018,-12.42389965,16/10/2019 10:50,28.1,,21.7,,,28.1,32.5,,,,1011.1,,68,0,0,7,270,21,292.5,,,,,,,,,,,,,,,,,,,,,,,,,,,,,,,,,,,,
201910161n9c1c9oboe6uqdnyyb96sc6rw,406636954,130.8925018,-12.42389965,16/10/2019 11:50,27.9,,22.1,,,27.9,32.5,,,,1011.7,,70,0,0,7,270,21,292.5,,,,,,,,,,,,,,,,,,,,,,,,,,,,,,,,,,,,
2019101696yo5hxonoe6uqdnyyb96scn6y,406636954,130.8925018,-12.42389965,16/10/2019 12:50,27.7,,22.4,,,27.7,32.5,,,,1012.1,,73,0,0,3,247.5,21,292.5,,,,,,,,,,,,,,,,,,,,,,,,,,,,,,,,,,,,
20191016ci5u759odwe6uqdnyyb96scn6y,406636954,130.8925018,-12.42389965,16/10/2019 13:50,27.5,,22.5,,,27.5,32.5,,,,1011.9,,74,0,0,5,247.5,21,292.5,,,,,,,,,,,,,,,,,,,,,,,,,,,,,,,,,,,,
20191016zdr6uwxorwe6uqdnyyb96sc6rw,406636954,130.8925018,-12.42389965,16/10/2019 14:50,27.1,,22.7,,,27.1,32.5,,,,1011.7,,77,0,0,5,225,8,225,,,,,,,,,,,,,,,,,,,,,,,,,,,,,,,,,,,,
20191016bqde3sxofae6uqdnyyb96sc6rw,406636954,130.8925018,-12.42389965,16/10/2019 15:50,26.7,,22.4,,,26.6,32.5,,,,1011.3,,77,0,0,3,202.5,8,225,,,,,,,,,,,,,,,,,,,,,,,,,,,,,,,,,,,,
20191016oh5bxqzogae6uqdnyyb96sc6rw,406636954,130.8925018,-12.42389965,16/10/2019 16:50,25.1,,22.4,,,25.1,32.5,,,,1010.7,,85,0,0,2,135,8,225,,,,,,,,,,,,,,,,,,,,,,,,,,,,,,,,,,,,
2019101633c5ic8o8ae6uqdnyyb96sc6rw,406636954,130.8925018,-12.42389965,16/10/2019 17:50,24.2,,22.3,,,24.2,32.5,,,,1010.4,,89,0,0,2,67.5,8,225,,,,,,,,,,,,,,,,,,,,,,,,,,,,,,,,,,,,
20191016m99utjxoehe6uqdnyyb96sc6rw,406636954,130.8925018,-12.42389965,16/10/2019 18:50,23.8,,22.3,,,23.8,32.5,,,,1010.3,,91,0,0,2,90,8,225,,,,,,,,,,,,,,,,,,,,,,,,,,,,,,,,,,,,
20191016irbthd8ojhe6uqdnyyb96sc6rw,406636954,130.8925018,-12.42389965,16/10/2019 19:50,23.7,,21.9,,,23.6,32.5,,,,1010.8,,90,0,0,2,67.5,8,225,,,,,,,,,,,,,,,,,,,,,,,,,,,,,,,,,,,,
20191016n5geec8omye6uqdnyyb96scn6y,406636954,130.8925018,-12.42389965,16/10/2019 20:50,23.7,,21.7,,,23.2,23.7,,,,1011.1,,88,0,0,4,112.5,8,225,,,,,,,,,,,,,,,,,,,,,,,,,,,,,,,,,,,,
20191016kz9r1g8ocye6uqdnyyb96scn6y,406636954,130.8925018,-12.42389965,16/10/2019 21:50,25.3,,21.9,,,23.2,25.3,,,,1012,,81,0,0,4,90,8,225,,,,,,,,,,,,,,,,,,,,,,,,,,,,,,,,,,,,
201910163i6kwrzopye6uqdnyyb96sc6rw,406636954,130.8925018,-12.42389965,16/10/2019 22:50,28.2,,21.8,,,23.2,28.4,,,,1013.1,,68,0,0,4,67.5,8,225,,,,,,,,,,,,,,,,,,,,,,,,,,,,,,,,,,,,
20191016d8ww7zxoqre6uqdnyyb96sc6rw,406636954,130.8925018,-12.42389965,16/10/2019 23:50,29.8,,20.8,,,23.2,30.4,,,,1013.1,,58,0,0,7,22.5,12,22.5,,,,,,,,,,,,,,,,,,,,,,,,,,,,,,,,,,,,
﻿20191017ug1pm48oxre6uqdnyyb96scn6y,406636954,130.8925018,-12.42389965,17/10/2019 00:50,31.3,,20.3,,,23.2,31.8,,,,1013.1,,52,0,0,5,22.5,12,45,,,,,,,,,,,,,,,,,,,,,,,,,,,,,,,,,,,,
201910175uawhfzoore6uqdnyyb96scn6y,406636954,130.8925018,-12.42389965,17/10/2019 01:50,32.9,,18.8,,,23.2,33.4,,,,1012.5,,43,0,0,8,22.5,13,67.5,,,,,,,,,,,,,,,,,,,,,,,,,,,,,,,,,,,,
20191017jiy3qzxotee6uqdnyyb96sc6rw,406636954,130.8925018,-12.42389965,17/10/2019 02:50,32.5,,21.9,,,23.2,34.4,,,,1011.6,,53,0,0,11,337.5,19,0,,,,,,,,,,,,,,,,,,,,,,,,,,,,,,,,,,,,
20191017wnmwtr8o1ee6uqdnyyb96scn6y,406636954,130.8925018,-12.42389965,17/10/2019 03:50,32.3,,21,,,23.2,34.4,,,,1010.9,,51,0,0,15,22.5,19,0,,,,,,,,,,,,,,,,,,,,,,,,,,,,,,,,,,,,
20191017f6ibyo8ouce6uqdnyyb96sc6rw,406636954,130.8925018,-12.42389965,17/10/2019 04:50,33,,20.6,,,23.2,34.4,,,,1010.2,,48,0,0,14,0,19,0,,,,,,,,,,,,,,,,,,,,,,,,,,,,,,,,,,,,
20191017ozed1e9owce6uqdnyyb96scn6y,406636954,130.8925018,-12.42389965,17/10/2019 05:50,32.6,,19.4,,,23.2,34.4,,,,1009.9,,45,0,0,14,22.5,19,0,,,,,,,,,,,,,,,,,,,,,,,,,,,,,,,,,,,,
201910174xi4148oice6uqdnyyb96sc6rw,406636954,130.8925018,-12.42389965,17/10/2019 06:50,33.6,,16.8,,,23.2,34.4,,,,1009.8,,36,0,0,12,22.5,19,0,,,,,,,,,,,,,,,,,,,,,,,,,,,,,,,,,,,,
20191017fyesmkzosoe6uqdnyyb96scn6y,406636954,130.8925018,-12.42389965,17/10/2019 07:50,33.4,,12.2,,,23.2,34.4,,,,1010,,27,0,0,12,67.5,19,0,,,,,,,,,,,,,,,,,,,,,,,,,,,,,,,,,,,,
20191017igd6bo9ozoe6uqdnyyb96sc6rw,406636954,130.8925018,-12.42389965,17/10/2019 08:50,32.7,,14.2,,,32.7,34.4,,,,1010.2,,32,0,0,10,22.5,19,0,,,,,,,,,,,,,,,,,,,,,,,,,,,,,,,,,,,,
201910177kw4ip9oaoe6uqdnyyb96sc6rw,406636954,130.8925018,-12.42389965,17/10/2019 09:50,30.5,,18,,,30.4,34.4,,,,1010.9,,47,0,0,5,0,19,0,,,,,,,,,,,,,,,,,,,,,,,,,,,,,,,,,,,,
20191017mcgnfw9o3we6uqdnyyb96sc6rw,406636954,130.8925018,-12.42389965,17/10/2019 10:50,29.3,,18.2,,,29.3,34.4,,,,1011.3,,51,0,0,6,22.5,19,0,,,,,,,,,,,,,,,,,,,,,,,,,,,,,,,,,,,,
20191017ii1gp9zo4we6uqdnyyb96scn6y,406636954,130.8925018,-12.42389965,17/10/2019 11:50,28.5,,21,,,28.5,34.4,,,,1011.8,,64,0,0,6,0,19,0,,,,,,,,,,,,,,,,,,,,,,,,,,,,,,,,,,,,
20191017d6u4q48o5ae6uqdnyyb96sc6rw,406636954,130.8925018,-12.42389965,17/10/2019 12:50,28.4,,23.3,,,28.3,34.4,,,,1012.2,,74,0,0,7,315,19,0,,,,,,,,,,,,,,,,,,,,,,,,,,,,,,,,,,,,
20191017qf1g9czohae6uqdnyyb96scn6y,406636954,130.8925018,-12.42389965,17/10/2019 13:50,27.7,,23.6,,,27.7,34.4,,,,1012.2,,78,0,0,4,315,19,0,,,,,,,,,,,,,,,,,,,,,,,,,,,,,,,,,,,,
20191017hbipnbzo7ae6uqdnyyb96scn6y,406636954,130.8925018,-12.42389965,17/10/2019 14:50,27.2,,23.2,,,27.2,34.4,,,,1011.7,,79,0,0,4,337.5,6,337.5,,,,,,,,,,,,,,,,,,,,,,,,,,,,,,,,,,,,
20191017gik1gnzo6he6uqdnyyb96scn6y,406636954,130.8925018,-12.42389965,17/10/2019 15:50,26.7,,23.5,,,26.7,34.4,,,,1011.4,,82,0,0,3,337.5,7,337.5,,,,,,,,,,,,,,,,,,,,,,,,,,,,,,,,,,,,
20191017wz3w5p8o9he6uqdnyyb96scn6y,406636954,130.8925018,-12.42389965,17/10/2019 16:50,25.1,,22.4,,,25.1,34.4,,,,1011.2,,85,0,0,3,90,7,337.5,,,,,,,,,,,,,,,,,,,,,,,,,,,,,,,,,,,,
20191017d4ek8r8tbye6uqdnyyb96scn6y,406636954,130.8925018,-12.42389965,17/10/2019 17:50,24.4,,21.8,,,24.2,34.4,,,,1011,,85,0,0,2,67.5,7,337.5,,,,,,,,,,,,,,,,,,,,,,,,,,,,,,,,,,,,
20191017pmfjuixtnye6uqdnyyb96scn6y,406636954,130.8925018,-12.42389965,17/10/2019 18:50,24,,21.7,,,23.7,34.4,,,,1011.2,,87,0,0,3,90,7,337.5,,,,,,,,,,,,,,,,,,,,,,,,,,,,,,,,,,,,
20191017abnc9wztdye6uqdnyyb96scn6y,406636954,130.8925018,-12.42389965,17/10/2019 19:50,23.7,,22.2,,,23.5,34.4,,,,1011.6,,91,0,0,3,67.5,7,337.5,,,,,,,,,,,,,,,,,,,,,,,,,,,,,,,,,,,,
20191017jb9pfjztrre6uqdnyyb96sc6rw,406636954,130.8925018,-12.42389965,17/10/2019 20:50,24,,21.9,,,23.5,24,,,,1012.7,,88,0,0,3,112.5,7,337.5,,,,,,,,,,,,,,,,,,,,,,,,,,,,,,,,,,,,
20191017wj567yxtfre6uqdnyyb96scn6y,406636954,130.8925018,-12.42389965,17/10/2019 21:50,25.7,,22.1,,,23.5,25.9,,,,1013.5,,80,0,0,7,90,9,90,,,,,,,,,,,,,,,,,,,,,,,,,,,,,,,,,,,,
20191017dhtdwp8tgee6uqdnyyb96sc6rw,406636954,130.8925018,-12.42389965,17/10/2019 22:50,27.2,,22,,,23.5,27.5,,,,1014,,73,0,0,8,90,12,90,,,,,,,,,,,,,,,,,,,,,,,,,,,,,,,,,,,,
20191017e1eh1czt8ee6uqdnyyb96sc6rw,406636954,130.8925018,-12.42389965,17/10/2019 23:50,28.9,,21.1,,,23.5,29.2,,,,1014,,62,0,0,6,45,13,67.5,,,,,,,,,,,,,,,,,,,,,,,,,,,,,,,,,,,,
﻿20191018z959fpxteee6uqdnyyb96scn6y,406636954,130.8925018,-12.42389965,18/10/2019 00:50,30.6,,20.3,,,23.5,30.8,,,,1013.5,,54,0,0,7,22.5,13,67.5,,,,,,,,,,,,,,,,,,,,,,,,,,,,,,,,,,,,
20191018y4hg51ztjce6uqdnyyb96sc6rw,406636954,130.8925018,-12.42389965,18/10/2019 01:50,33.1,,17.1,,,23.5,33.4,,,,1012.5,,38,0,0,4,22.5,13,67.5,,,,,,,,,,,,,,,,,,,,,,,,,,,,,,,,,,,,
20191018x88feg8tkce6uqdnyyb96sc6rw,406636954,130.8925018,-12.42389965,18/10/2019 02:50,34.2,,17.8,,,23.5,35.3,,,,1011.4,,37,0,0,13,0,18,0,,,,,,,,,,,,,,,,,,,,,,,,,,,,,,,,,,,,
201910183cgd1rztmce6uqdnyyb96sc6rw,406636954,130.8925018,-12.42389965,18/10/2019 03:50,33.5,,20.3,,,23.5,35.3,,,,1010.3,,46,0,0,12,337.5,18,0,,,,,,,,,,,,,,,,,,,,,,,,,,,,,,,,,,,,
20191018ji1szoztcoe6uqdnyyb96sc6rw,406636954,130.8925018,-12.42389965,18/10/2019 04:50,34.2,,17.2,,,23.5,35.3,,,,1009.7,,36,0,0,12,315,18,0,,,,,,,,,,,,,,,,,,,,,,,,,,,,,,,,,,,,
20191018tzbfno8tpoe6uqdnyyb96scn6y,406636954,130.8925018,-12.42389965,18/10/2019 05:50,36.1,,11.4,,,23.5,36.4,,,,1009.4,,22,0,0,17,22.5,22,0,,,,,,,,,,,,,,,,,,,,,,,,,,,,,,,,,,,,
20191018b9cruq8tqwe6uqdnyyb96sc6rw,406636954,130.8925018,-12.42389965,18/10/2019 06:50,34,,16.7,,,23.5,36.4,,,,1009.2,,35,0,0,13,22.5,22,22.5,,,,,,,,,,,,,,,,,,,,,,,,,,,,,,,,,,,,
20191018kgt6ytxtxwe6uqdnyyb96scn6y,406636954,130.8925018,-12.42389965,18/10/2019 07:50,32.9,,16.9,,,23.5,36.4,,,,1009.3,,38,0,0,14,22.5,22,22.5,,,,,,,,,,,,,,,,,,,,,,,,,,,,,,,,,,,,
20191018aot7ey8towe6uqdnyyb96sc6rw,406636954,130.8925018,-12.42389965,18/10/2019 08:50,31.8,,17.4,,,31.8,36.4,,,,1009.8,,42,0,0,10,22.5,22,22.5,,,,,,,,,,,,,,,,,,,,,,,,,,,,,,,,,,,,
20191018nuktk19ttae6uqdnyyb96scn6y,406636954,130.8925018,-12.42389965,18/10/2019 09:50,29.8,,23.3,,,29.5,36.4,,,,1010.9,,68,0,0,11,315,22,22.5,,,,,,,,,,,,,,,,,,,,,,,,,,,,,,,,,,,,
20191018tcwhsbzt1ae6uqdnyyb96scn6y,406636954,130.8925018,-12.42389965,18/10/2019 10:50,28.3,,23.7,,,28.3,36.4,,,,1012.3,,76,0,0,9,270,22,22.5,,,,,,,,,,,,,,,,,,,,,,,,,,,,,,,,,,,,
201910185bbwfi8tuae6uqdnyyb96scn6y,406636954,130.8925018,-12.42389965,18/10/2019 11:50,28.1,,23.7,,,28,36.4,,,,1013.1,,77,0,0,7,270,22,22.5,,,,,,,,,,,,,,,,,,,,,,,,,,,,,,,,,,,,
20191018j8w71dxtwhe6uqdnyyb96sc6rw,406636954,130.8925018,-12.42389965,18/10/2019 12:50,27.9,,23.5,,,27.9,36.4,,,,1014.2,,77,0,0,8,225,22,22.5,,,,,,,,,,,,,,,,,,,,,,,,,,,,,,,,,,,,
20191018zb965hxtihe6uqdnyyb96sc6rw,406636954,130.8925018,-12.42389965,18/10/2019 13:50,27.7,,23.6,,,27.7,36.4,,,,1014.3,,78,0,0,5,247.5,22,22.5,,,,,,,,,,,,,,,,,,,,,,,,,,,,,,,,,,,,
20191018fgs6wgztzye6uqdnyyb96sc6rw,406636954,130.8925018,-12.42389965,18/10/2019 14:50,27.5,,23.7,,,27.5,36.4,,,,1013.9,,80,0,0,3,247.5,5,247.5,,,,,,,,,,,,,,,,,,,,,,,,,,,,,,,,,,,,
20191018ctyr5rztaye6uqdnyyb96sc6rw,406636954,130.8925018,-12.42389965,18/10/2019 15:50,27.4,,23.6,,,27.3,36.4,,,,1013.4,,80,0,0,3,225,5,247.5,,,,,,,,,,,,,,,,,,,,,,,,,,,,,,,,,,,,
201910184xbcqq8t3ye6uqdnyyb96scn6y,406636954,130.8925018,-12.42389965,18/10/2019 16:50,26.2,,23.4,,,26.2,36.4,,,,1013.1,,84,0,0,1,180,5,247.5,,,,,,,,,,,,,,,,,,,,,,,,,,,,,,,,,,,,
20191018ronf58zt4re6uqdnyyb96scn6y,406636954,130.8925018,-12.42389965,18/10/2019 17:50,25.8,,23.5,,,25.7,36.4,,,,1012.9,,87,0,0,5,90,7,90,,,,,,,,,,,,,,,,,,,,,,,,,,,,,,,,,,,,
20191018igpn7o9t5re6uqdnyyb96sc6rw,406636954,130.8925018,-12.42389965,18/10/2019 18:50,25.6,,22,,,25.6,36.4,,,,1012.8,,80,0,0,3,67.5,7,90,,,,,,,,,,,,,,,,,,,,,,,,,,,,,,,,,,,,
201910186adm359thre6uqdnyyb96scn6y,406636954,130.8925018,-12.42389965,18/10/2019 19:50,24.8,,21.6,,,24.8,36.4,,,,1013,,82,0,0,5,67.5,7,90,,,,,,,,,,,,,,,,,,,,,,,,,,,,,,,,,,,,
20191018csgt3jxt7ee6uqdnyyb96sc6rw,406636954,130.8925018,-12.42389965,18/10/2019 20:50,24.7,,21.5,,,24.6,24.7,,,,1013.3,,82,0,0,4,67.5,7,90,,,,,,,,,,,,,,,,,,,,,,,,,,,,,,,,,,,,
20191018i95qq68t6ee6uqdnyyb96scn6y,406636954,130.8925018,-12.42389965,18/10/2019 21:50,26.3,,21.5,,,24.6,26.3,,,,1013.7,,75,0,0,4,90,7,90,,,,,,,,,,,,,,,,,,,,,,,,,,,,,,,,,,,,
201910188qmb3u9t9ce6uqdnyyb96scn6y,406636954,130.8925018,-12.42389965,18/10/2019 22:50,28.9,,20.1,,,24.6,28.9,,,,1014.6,,59,0,0,5,112.5,8,90,,,,,,,,,,,,,,,,,,,,,,,,,,,,,,,,,,,,
20191018pzjxe481yce6uqdnyyb96sc6rw,406636954,130.8925018,-12.42389965,18/10/2019 23:50,30.4,,18.6,,,24.6,30.6,,,,1014.8,,49,0,0,6,67.5,11,90,,,,,,,,,,,,,,,,,,,,,,,,,,,,,,,,,,,,
﻿2019101953n5mm91bce6uqdnyyb96sc6rw,406636954,130.8925018,-12.42389965,19/10/2019 00:50,32,,18.6,,,24.6,32.2,,,,1014.3,,45,0,0,3,45,12,67.5,,,,,,,,,,,,,,,,,,,,,,,,,,,,,,,,,,,,
20191019gfizqy91noe6uqdnyyb96sc6rw,406636954,130.8925018,-12.42389965,19/10/2019 01:50,34.1,,17.3,,,24.6,35,,,,1013.5,,36,0,0,5,112.5,12,112.5,,,,,,,,,,,,,,,,,,,,,,,,,,,,,,,,,,,,
20191019woepin91doe6uqdnyyb96scn6y,406636954,130.8925018,-12.42389965,19/10/2019 02:50,34.7,,20.6,,,24.6,35.9,,,,1012.6,,43,0,0,7,315,19,45,,,,,,,,,,,,,,,,,,,,,,,,,,,,,,,,,,,,
201910196skoofx1roe6uqdnyyb96sc6rw,406636954,130.8925018,-12.42389965,19/10/2019 03:50,33.9,,20.8,,,24.6,35.9,,,,1011.7,,46,0,0,9,337.5,19,45,,,,,,,,,,,,,,,,,,,,,,,,,,,,,,,,,,,,
20191019ciy67181fwe6uqdnyyb96scn6y,406636954,130.8925018,-12.42389965,19/10/2019 04:50,33.5,,19,,,24.6,35.9,,,,1011,,42,0,0,9,315,19,45,,,,,,,,,,,,,,,,,,,,,,,,,,,,,,,,,,,,
20191019zfed9d91gwe6uqdnyyb96sc6rw,406636954,130.8925018,-12.42389965,19/10/2019 05:50,35.2,,14.3,,,24.6,35.9,,,,1010.2,,28,0,0,12,337.5,19,45,,,,,,,,,,,,,,,,,,,,,,,,,,,,,,,,,,,,
20191019fgke91818ae6uqdnyyb96sc6rw,406636954,130.8925018,-12.42389965,19/10/2019 06:50,34.6,,17.4,,,24.6,36,,,,1009.7,,36,0,0,16,22.5,20,22.5,,,,,,,,,,,,,,,,,,,,,,,,,,,,,,,,,,,,
20191019xxnt4px1eae6uqdnyyb96scn6y,406636954,130.8925018,-12.42389965,19/10/2019 07:50,33.2,,19.6,,,24.6,36,,,,1009.8,,44,0,0,11,337.5,20,22.5,,,,,,,,,,,,,,,,,,,,,,,,,,,,,,,,,,,,
20191019neiw5881jhe6uqdnyyb96scn6y,406636954,130.8925018,-12.42389965,19/10/2019 08:50,31.6,,21.9,,,31.5,36,,,,1010.4,,56,0,0,5,315,20,22.5,,,,,,,,,,,,,,,,,,,,,,,,,,,,,,,,,,,,
2019101989syk5x1khe6uqdnyyb96sc6rw,406636954,130.8925018,-12.42389965,19/10/2019 09:50,31.2,,20.9,,,30.9,36,,,,1011.3,,54,0,0,7,292.5,20,22.5,,,,,,,,,,,,,,,,,,,,,,,,,,,,,,,,,,,,
20191019apwxr891mhe6uqdnyyb96sc6rw,406636954,130.8925018,-12.42389965,19/10/2019 10:50,29.4,,23.6,,,29.4,36,,,,1012.3,,71,0,0,9,270,20,22.5,,,,,,,,,,,,,,,,,,,,,,,,,,,,,,,,,,,,
20191019dg6was81pye6uqdnyyb96scn6y,406636954,130.8925018,-12.42389965,19/10/2019 11:50,29,,23.6,,,29,36,,,,1013.3,,72,0,0,9,270,20,22.5,,,,,,,,,,,,,,,,,,,,,,,,,,,,,,,,,,,,
20191019qc6yfb81qye6uqdnyyb96sc6rw,406636954,130.8925018,-12.42389965,19/10/2019 12:50,28.8,,23.9,,,28.8,36,,,,1013.7,,75,0,0,10,292.5,20,22.5,,,,,,,,,,,,,,,,,,,,,,,,,,,,,,,,,,,,
20191019azi5adz1xye6uqdnyyb96scn6y,406636954,130.8925018,-12.42389965,19/10/2019 13:50,28.7,,22.7,,,28.7,36,,,,1013.7,,70,0,0,6,315,20,22.5,,,,,,,,,,,,,,,,,,,,,,,,,,,,,,,,,,,,
20191019g9t7hhx1ore6uqdnyyb96sc6rw,406636954,130.8925018,-12.42389965,19/10/2019 14:50,28.4,,22.3,,,28.4,36,,,,1013.7,,69,0,0,6,315,8,292.5,,,,,,,,,,,,,,,,,,,,,,,,,,,,,,,,,,,,
20191019tkm4a4x1tre6uqdnyyb96scn6y,406636954,130.8925018,-12.42389965,19/10/2019 15:50,28,,23,,,28,36,,,,1013.3,,74,0,0,4,315,8,315,,,,,,,,,,,,,,,,,,,,,,,,,,,,,,,,,,,,
20191019nfxrm8x11ee6uqdnyyb96sc6rw,406636954,130.8925018,-12.42389965,19/10/2019 16:50,27.6,,23.2,,,27.6,36,,,,1012.5,,77,0,0,3,337.5,8,315,,,,,,,,,,,,,,,,,,,,,,,,,,,,,,,,,,,,
20191019me671881uee6uqdnyyb96sc6rw,406636954,130.8925018,-12.42389965,19/10/2019 17:50,27.1,,22.2,,,27,36,,,,1011.5,,74,0,0,3,315,8,315,,,,,,,,,,,,,,,,,,,,,,,,,,,,,,,,,,,,
201910193xxthh81wee6uqdnyyb96scn6y,406636954,130.8925018,-12.42389965,19/10/2019 18:50,25.4,,22.3,,,25.4,36,,,,1011.7,,83,0,0,0,0,8,315,,,,,,,,,,,,,,,,,,,,,,,,,,,,,,,,,,,,
20191019nd9ikzz1ice6uqdnyyb96scn6y,406636954,130.8925018,-12.42389965,19/10/2019 19:50,24.5,,22.1,,,24.5,36,,,,1012.3,,86,0,0,0,0,8,315,,,,,,,,,,,,,,,,,,,,,,,,,,,,,,,,,,,,
20191019okdkhd91sce6uqdnyyb96sc6rw,406636954,130.8925018,-12.42389965,19/10/2019 20:50,24.1,,21.8,,,24.1,24.2,,,,1012.9,,87,0,0,0,0,8,315,,,,,,,,,,,,,,,,,,,,,,,,,,,,,,,,,,,,
2019101959j79q81zce6uqdnyyb96sc6rw,406636954,130.8925018,-12.42389965,19/10/2019 21:50,27,,22.2,,,24,27,,,,1013.8,,75,0,0,1,67.5,8,315,,,,,,,,,,,,,,,,,,,,,,,,,,,,,,,,,,,,
20191019k5oum8x1aoe6uqdnyyb96sc6rw,406636954,130.8925018,-12.42389965,19/10/2019 22:50,28.9,,23.1,,,24,29.1,,,,1014.2,,71,0,0,6,45,8,45,,,,,,,,,,,,,,,,,,,,,,,,,,,,,,,,,,,,
20191019iwkdmq813oe6uqdnyyb96sc6rw,406636954,130.8925018,-12.42389965,19/10/2019 23:50,31,,21.7,,,24,31,,,,1013.9,,57,0,0,3,0,9,45,,,,,,,,,,,,,,,,,,,,,,,,,,,,,,,,,,,,
﻿20191020bncirfx14we6uqdnyyb96scn6y,406636954,130.8925018,-12.42389965,20/10/2019 00:50,32.1,,22.1,,,24,32.3,,,,1013.4,,55,0,0,6,292.5,10,247.5,,,,,,,,,,,,,,,,,,,,,,,,,,,,,,,,,,,,
20191020mufrtnx15we6uqdnyyb96sc6rw,406636954,130.8925018,-12.42389965,20/10/2019 01:50,32.7,,22,,,24,33.6,,,,1012.9,,53,0,0,9,292.5,13,292.5,,,,,,,,,,,,,,,,,,,,,,,,,,,,,,,,,,,,
201910204fpoizz1hwe6uqdnyyb96sc6rw,406636954,130.8925018,-12.42389965,20/10/2019 02:50,34.1,,21.6,,,24,34.6,,,,1011.7,,48,0,0,11,315,13,292.5,,,,,,,,,,,,,,,,,,,,,,,,,,,,,,,,,,,,
20191020gnqebbx17ae6uqdnyyb96scn6y,406636954,130.8925018,-12.42389965,20/10/2019 03:50,34.1,,22.1,,,24,35.2,,,,1010.7,,49,0,0,13,315,16,315,,,,,,,,,,,,,,,,,,,,,,,,,,,,,,,,,,,,
20191020ojbad4x16ae6uqdnyyb96sc6rw,406636954,130.8925018,-12.42389965,20/10/2019 04:50,33.1,,23.3,,,24,35.2,,,,1010.2,,56,0,0,13,315,17,337.5,,,,,,,,,,,,,,,,,,,,,,,,,,,,,,,,,,,,
20191020946rujz19ae6uqdnyyb96scn6y,406636954,130.8925018,-12.42389965,20/10/2019 05:50,32.7,,22.8,,,24,35.2,,,,1009.6,,56,0,0,9,337.5,17,337.5,,,,,,,,,,,,,,,,,,,,,,,,,,,,,,,,,,,,
20191020eur9ko9uyhe6uqdnyyb96sc6rw,406636954,130.8925018,-12.42389965,20/10/2019 06:50,32.2,,22.2,,,24,35.2,,,,1008.9,,55,0,0,12,292.5,17,337.5,,,,,,,,,,,,,,,,,,,,,,,,,,,,,,,,,,,,
20191020sa4gsq9ubhe6uqdnyyb96sc6rw,406636954,130.8925018,-12.42389965,20/10/2019 07:50,32,,21.3,,,24,35.2,,,,1008.8,,53,0,0,8,337.5,17,337.5,,,,,,,,,,,,,,,,,,,,,,,,,,,,,,,,,,,,
20191020bbcq1zzudye6uqdnyyb96scn6y,406636954,130.8925018,-12.42389965,20/10/2019 08:50,32.9,,19.2,,,32.9,35.2,,,,1009.4,,44,0,0,4,337.5,17,337.5,,,,,,,,,,,,,,,,,,,,,,,,,,,,,,,,,,,,
20191020xqko48zurye6uqdnyyb96sc6rw,406636954,130.8925018,-12.42389965,20/10/2019 09:50,31.8,,18.2,,,31.8,35.2,,,,1010.2,,44,0,0,6,45,17,337.5,,,,,,,,,,,,,,,,,,,,,,,,,,,,,,,,,,,,
201910203qp1xsxufye6uqdnyyb96sc6rw,406636954,130.8925018,-12.42389965,20/10/2019 10:50,29.5,,23.9,,,29.5,35.2,,,,1011.4,,72,0,0,11,270,17,337.5,,,,,,,,,,,,,,,,,,,,,,,,,,,,,,,,,,,,
201910208tk1cy9ugre6uqdnyyb96scn6y,406636954,130.8925018,-12.42389965,20/10/2019 11:50,29.3,,23.7,,,29.1,35.2,,,,1012.4,,72,0,0,7,270,17,337.5,,,,,,,,,,,,,,,,,,,,,,,,,,,,,,,,,,,,
20191020t7pdhhxu8re6uqdnyyb96sc6rw,406636954,130.8925018,-12.42389965,20/10/2019 12:50,28.7,,25,,,28.6,35.2,,,,1013.1,,80,0,0,5,270,17,337.5,,,,,,,,,,,,,,,,,,,,,,,,,,,,,,,,,,,,
2019102096iw9r9uere6uqdnyyb96scn6y,406636954,130.8925018,-12.42389965,20/10/2019 13:50,28.5,,24.9,,,28.5,35.2,,,,1013.3,,81,0,0,4,270,17,337.5,,,,,,,,,,,,,,,,,,,,,,,,,,,,,,,,,,,,
20191020kcrbim9ujee6uqdnyyb96scn6y,406636954,130.8925018,-12.42389965,20/10/2019 14:50,28.3,,24.9,,,28.3,35.2,,,,1012.4,,82,0,0,5,270,5,270,,,,,,,,,,,,,,,,,,,,,,,,,,,,,,,,,,,,
20191020am9fgg9ukee6uqdnyyb96sc6rw,406636954,130.8925018,-12.42389965,20/10/2019 15:50,27.9,,24.6,,,27.9,35.2,,,,1012,,82,0,0,3,270,5,247.5,,,,,,,,,,,,,,,,,,,,,,,,,,,,,,,,,,,,
20191020fcsnpf9umce6uqdnyyb96scn6y,406636954,130.8925018,-12.42389965,20/10/2019 16:50,27.5,,24.2,,,27.5,35.2,,,,1011.7,,82,0,0,3,315,5,247.5,,,,,,,,,,,,,,,,,,,,,,,,,,,,,,,,,,,,
20191020icstjz9ucce6uqdnyyb96scn6y,406636954,130.8925018,-12.42389965,20/10/2019 17:50,26,,24,,,26,35.2,,,,1011.5,,89,0,0,2,315,5,247.5,,,,,,,,,,,,,,,,,,,,,,,,,,,,,,,,,,,,
201910207677xs8upce6uqdnyyb96sc6rw,406636954,130.8925018,-12.42389965,20/10/2019 18:50,25.7,,23.8,,,25.6,35.2,,,,1011.6,,89,0,0,0,0,5,247.5,,,,,,,,,,,,,,,,,,,,,,,,,,,,,,,,,,,,
20191020jwczmg8uqoe6uqdnyyb96scn6y,406636954,130.8925018,-12.42389965,20/10/2019 19:50,25.1,,23.6,,,25.1,35.2,,,,1012,,91,0,0,0,0,5,247.5,,,,,,,,,,,,,,,,,,,,,,,,,,,,,,,,,,,,
20191020ioiyy99uxoe6uqdnyyb96sc6rw,406636954,130.8925018,-12.42389965,20/10/2019 20:50,25.3,,23.8,,,24.9,25.6,,,,1012.5,,91,0,0,3,157.5,5,247.5,,,,,,,,,,,,,,,,,,,,,,,,,,,,,,,,,,,,
20191020nt3gwqzuowe6uqdnyyb96scn6y,406636954,130.8925018,-12.42389965,20/10/2019 21:50,26.8,,24.8,,,24.9,26.9,,,,1013,,89,0,0,5,157.5,7,157.5,,,,,,,,,,,,,,,,,,,,,,,,,,,,,,,,,,,,
20191020pyingzxutwe6uqdnyyb96scn6y,406636954,130.8925018,-12.42389965,20/10/2019 22:50,27.9,,24.1,,,24.9,28.1,,,,1013.4,,80,0,0,5,157.5,7,180,,,,,,,,,,,,,,,,,,,,,,,,,,,,,,,,,,,,
201910204qxgt6zu1we6uqdnyyb96scn6y,406636954,130.8925018,-12.42389965,20/10/2019 23:50,30,,22.7,,,24.9,30.5,,,,1013.5,,65,0,0,7,180,10,202.5,,,,,,,,,,,,,,,,,,,,,,,,,,,,,,,,,,,,
﻿20191021fkd74w9uuae6uqdnyyb96scn6y,406636954,130.8925018,-12.42389965,21/10/2019 00:50,31.7,,21,,,24.9,32.5,,,,1013.1,,53,0,0,3,135,12,202.5,,,,,,,,,,,,,,,,,,,,,,,,,,,,,,,,,,,,
201910211uqejezuwae6uqdnyyb96sc6rw,406636954,130.8925018,-12.42389965,21/10/2019 01:50,36.4,,10.2,,,24.9,36.6,,,,1012.4,,20,0,0,15,67.5,26,90,,,,,,,,,,,,,,,,,,,,,,,,,,,,,,,,,,,,
20191021h67j3h9uiae6uqdnyyb96scn6y,406636954,130.8925018,-12.42389965,21/10/2019 02:50,36.5,,5.8,,,24.9,38.1,,,,1011.5,,15,0,0,13,67.5,26,90,,,,,,,,,,,,,,,,,,,,,,,,,,,,,,,,,,,,
20191021c6e8er8ushe6uqdnyyb96scn6y,406636954,130.8925018,-12.42389965,21/10/2019 03:50,34.8,,19.6,,,24.9,38.2,,,,1010.4,,40,0,0,12,315,26,90,,,,,,,,,,,,,,,,,,,,,,,,,,,,,,,,,,,,
2019102153hhp4zuzhe6uqdnyyb96scn6y,406636954,130.8925018,-12.42389965,21/10/2019 04:50,34,,19.5,,,24.9,38.2,,,,1009.5,,42,0,0,13,337.5,26,90,,,,,,,,,,,,,,,,,,,,,,,,,,,,,,,,,,,,
20191021deyue4xu3ye6uqdnyyb96sc6rw,406636954,130.8925018,-12.42389965,21/10/2019 05:50,35,,14.5,,,24.9,38.2,,,,1008.7,,29,0,0,12,337.5,26,90,,,,,,,,,,,,,,,,,,,,,,,,,,,,,,,,,,,,
20191021ogprru8u4ye6uqdnyyb96sc6rw,406636954,130.8925018,-12.42389965,21/10/2019 06:50,34.5,,14,,,24.9,38.2,,,,1008.1,,29,0,0,16,0,26,90,,,,,,,,,,,,,,,,,,,,,,,,,,,,,,,,,,,,
201910217ysuggxu5ye6uqdnyyb96scn6y,406636954,130.8925018,-12.42389965,21/10/2019 07:50,33.3,,17.2,,,24.9,38.2,,,,1008,,38,0,0,12,0,26,90,,,,,,,,,,,,,,,,,,,,,,,,,,,,,,,,,,,,
20191021gkh89xxuhre6uqdnyyb96sc6rw,406636954,130.8925018,-12.42389965,21/10/2019 08:50,32.5,,16.7,,,32.5,38.2,,,,1008.7,,38,0,0,8,0,26,90,,,,,,,,,,,,,,,,,,,,,,,,,,,,,,,,,,,,
20191021wpxrcszu7re6uqdnyyb96sc6rw,406636954,130.8925018,-12.42389965,21/10/2019 09:50,31,,17.7,,,31,38.2,,,,1009.6,,45,0,0,2,22.5,26,90,,,,,,,,,,,,,,,,,,,,,,,,,,,,,,,,,,,,
2019102193xz34xu6re6uqdnyyb96scn6y,406636954,130.8925018,-12.42389965,21/10/2019 10:50,30.8,,20.2,,,29.2,38.2,,,,1010.7,,53,0,0,7,315,26,90,,,,,,,,,,,,,,,,,,,,,,,,,,,,,,,,,,,,
20191021cwhic7zu9ee6uqdnyyb96sc6rw,406636954,130.8925018,-12.42389965,21/10/2019 11:50,30.1,,23,,,29.2,38.2,,,,1010.9,,65,0,0,16,292.5,26,90,,,,,,,,,,,,,,,,,,,,,,,,,,,,,,,,,,,,
20191021a1je5e9wyee6uqdnyyb96sc6rw,406636954,130.8925018,-12.42389965,21/10/2019 12:50,29.2,,22.8,,,29.2,38.2,,,,1011.6,,68,0,0,6,270,26,90,,,,,,,,,,,,,,,,,,,,,,,,,,,,,,,,,,,,
20191021fmfrxpxwbce6uqdnyyb96sc6rw,406636954,130.8925018,-12.42389965,21/10/2019 13:50,29.4,,22.3,,,29.2,38.2,,,,1011.5,,65,0,0,9,292.5,26,90,,,,,,,,,,,,,,,,,,,,,,,,,,,,,,,,,,,,
20191021xi7w8dzwnce6uqdnyyb96scn6y,406636954,130.8925018,-12.42389965,21/10/2019 14:50,28.8,,21.3,,,28.8,38.2,,,,1011.3,,64,0,0,4,337.5,7,337.5,,,,,,,,,,,,,,,,,,,,,,,,,,,,,,,,,,,,
201910216gsufjxwdce6uqdnyyb96scn6y,406636954,130.8925018,-12.42389965,21/10/2019 15:50,28.3,,21.8,,,28.2,38.2,,,,1010.7,,68,0,0,3,337.5,7,337.5,,,,,,,,,,,,,,,,,,,,,,,,,,,,,,,,,,,,
20191021ena1cbxwroe6uqdnyyb96sc6rw,406636954,130.8925018,-12.42389965,21/10/2019 16:50,26.4,,21.8,,,26.4,38.2,,,,1010.3,,76,0,0,2,337.5,7,337.5,,,,,,,,,,,,,,,,,,,,,,,,,,,,,,,,,,,,
20191021sg1ikcxwfoe6uqdnyyb96sc6rw,406636954,130.8925018,-12.42389965,21/10/2019 17:50,25.8,,21.9,,,25.8,38.2,,,,1010,,79,0,0,0,0,7,337.5,,,,,,,,,,,,,,,,,,,,,,,,,,,,,,,,,,,,
20191021yt4g3x8wgwe6uqdnyyb96scn6y,406636954,130.8925018,-12.42389965,21/10/2019 18:50,24.9,,22.1,,,24.9,38.2,,,,1010.4,,84,0,0,0,0,7,337.5,,,,,,,,,,,,,,,,,,,,,,,,,,,,,,,,,,,,
20191021qzd9cc9w8we6uqdnyyb96sc6rw,406636954,130.8925018,-12.42389965,21/10/2019 19:50,25.4,,19.3,,,24.8,38.2,,,,1010.8,,69,0,0,4,67.5,7,337.5,,,,,,,,,,,,,,,,,,,,,,,,,,,,,,,,,,,,
20191021a7iouazwewe6uqdnyyb96sc6rw,406636954,130.8925018,-12.42389965,21/10/2019 20:50,25.3,,19.4,,,24.8,25.4,,,,1011.6,,70,0,0,5,90,7,337.5,,,,,,,,,,,,,,,,,,,,,,,,,,,,,,,,,,,,
20191021886d6u8wjae6uqdnyyb96sc6rw,406636954,130.8925018,-12.42389965,21/10/2019 21:50,27,,20.3,,,24.8,27,,,,1011.9,,66,0,0,6,112.5,8,90,,,,,,,,,,,,,,,,,,,,,,,,,,,,,,,,,,,,
20191021tptizmxwkae6uqdnyyb96scn6y,406636954,130.8925018,-12.42389965,21/10/2019 22:50,29.2,,20.4,,,24.8,29.2,,,,1012.2,,59,0,0,6,112.5,8,112.5,,,,,,,,,,,,,,,,,,,,,,,,,,,,,,,,,,,,
20191021naj8jz9wmhe6uqdnyyb96sc6rw,406636954,130.8925018,-12.42389965,21/10/2019 23:50,30.4,,19.7,,,24.8,30.5,,,,1012.3,,52,0,0,6,135,10,112.5,,,,,,,,,,,,,,,,,,,,,,,,,,,,,,,,,,,,
﻿20191022ksd3guzwche6uqdnyyb96scn6y,406636954,130.8925018,-12.42389965,22/10/2019 00:50,32.6,,18.6,,,24.8,32.6,,,,1012.1,,43,0,0,5,180,10,112.5,,,,,,,,,,,,,,,,,,,,,,,,,,,,,,,,,,,,
20191022ad7jzpzwphe6uqdnyyb96scn6y,406636954,130.8925018,-12.42389965,22/10/2019 01:50,32.9,,19.8,,,24.8,35,,,,1011.5,,46,0,0,9,292.5,13,270,,,,,,,,,,,,,,,,,,,,,,,,,,,,,,,,,,,,
20191022nktomczwxye6uqdnyyb96sc6rw,406636954,130.8925018,-12.42389965,22/10/2019 02:50,32.6,,21.5,,,24.8,35,,,,1010.4,,52,0,0,14,0,17,337.5,,,,,,,,,,,,,,,,,,,,,,,,,,,,,,,,,,,,
20191022u4mfa69woye6uqdnyyb96sc6rw,406636954,130.8925018,-12.42389965,22/10/2019 03:50,32.1,,20.6,,,24.8,35,,,,1009.5,,50,0,0,16,0,22,337.5,,,,,,,,,,,,,,,,,,,,,,,,,,,,,,,,,,,,
201910225iiehp8wtye6uqdnyyb96scn6y,406636954,130.8925018,-12.42389965,22/10/2019 04:50,32.2,,20.3,,,24.8,35,,,,1008.5,,49,0,0,13,22.5,22,337.5,,,,,,,,,,,,,,,,,,,,,,,,,,,,,,,,,,,,
20191022e4r1o3xw1re6uqdnyyb96sc6rw,406636954,130.8925018,-12.42389965,22/10/2019 05:50,32.6,,18.8,,,24.8,35,,,,1007.9,,44,0,0,14,22.5,22,337.5,,,,,,,,,,,,,,,,,,,,,,,,,,,,,,,,,,,,
20191022uensi8xwure6uqdnyyb96sc6rw,406636954,130.8925018,-12.42389965,22/10/2019 06:50,32.6,,15.6,,,24.8,35,,,,1007.7,,36,0,0,15,22.5,22,337.5,,,,,,,,,,,,,,,,,,,,,,,,,,,,,,,,,,,,
20191022r6kp939wwee6uqdnyyb96scn6y,406636954,130.8925018,-12.42389965,22/10/2019 07:50,32,,15.2,,,24.8,35,,,,1007.9,,36,0,0,12,22.5,22,337.5,,,,,,,,,,,,,,,,,,,,,,,,,,,,,,,,,,,,
20191022ccqq68xwiee6uqdnyyb96scn6y,406636954,130.8925018,-12.42389965,22/10/2019 08:50,30.9,,17.2,,,30.8,35,,,,1008.4,,43,0,0,10,45,22,337.5,,,,,,,,,,,,,,,,,,,,,,,,,,,,,,,,,,,,
201910225peamj9wsee6uqdnyyb96scn6y,406636954,130.8925018,-12.42389965,22/10/2019 09:50,29.8,,18.8,,,29.8,35,,,,1009.5,,51,0,0,7,0,22,337.5,,,,,,,,,,,,,,,,,,,,,,,,,,,,,,,,,,,,
20191022rb8fk49wzce6uqdnyyb96scn6y,406636954,130.8925018,-12.42389965,22/10/2019 10:50,29,,19.3,,,29,35,,,,1010,,55,0,0,3,22.5,22,337.5,,,,,,,,,,,,,,,,,,,,,,,,,,,,,,,,,,,,
20191022wppqf8xwace6uqdnyyb96sc6rw,406636954,130.8925018,-12.42389965,22/10/2019 11:50,28.7,,20.5,,,28.2,35,,,,1010.2,,61,0,0,10,292.5,22,337.5,,,,,,,,,,,,,,,,,,,,,,,,,,,,,,,,,,,,
201910227hf7cf9w3ce6uqdnyyb96sc6rw,406636954,130.8925018,-12.42389965,22/10/2019 12:50,28.2,,22.6,,,28.2,35,,,,1010.9,,71,0,0,8,270,22,337.5,,,,,,,,,,,,,,,,,,,,,,,,,,,,,,,,,,,,
20191022kzk4ucxw4oe6uqdnyyb96sc6rw,406636954,130.8925018,-12.42389965,22/10/2019 13:50,28,,22.5,,,28,35,,,,1011.3,,72,0,0,6,270,22,337.5,,,,,,,,,,,,,,,,,,,,,,,,,,,,,,,,,,,,
20191022w6cg8hzw5oe6uqdnyyb96sc6rw,406636954,130.8925018,-12.42389965,22/10/2019 14:50,27.8,,22.5,,,27.8,35,,,,1011.1,,73,0,0,3,225,6,225,,,,,,,,,,,,,,,,,,,,,,,,,,,,,,,,,,,,
20191022dfh3oq8whwe6uqdnyyb96scn6y,406636954,130.8925018,-12.42389965,22/10/2019 15:50,26.2,,22.5,,,26.2,35,,,,1010.9,,80,0,0,1,112.5,6,225,,,,,,,,,,,,,,,,,,,,,,,,,,,,,,,,,,,,
20191022pmqppbzw7we6uqdnyyb96sc6rw,406636954,130.8925018,-12.42389965,22/10/2019 16:50,26.3,,22.4,,,26,35,,,,1010.6,,79,0,0,4,90,6,225,,,,,,,,,,,,,,,,,,,,,,,,,,,,,,,,,,,,
201910225m7mft8w6we6uqdnyyb96scn6y,406636954,130.8925018,-12.42389965,22/10/2019 17:50,26.8,,22.7,,,26,35,,,,1010.6,,78,0,0,5,90,7,90,,,,,,,,,,,,,,,,,,,,,,,,,,,,,,,,,,,,
20191022eeqbuzzw9ae6uqdnyyb96scn6y,406636954,130.8925018,-12.42389965,22/10/2019 18:50,26,,22.6,,,26,35,,,,1010.5,,81,0,0,3,90,7,90,,,,,,,,,,,,,,,,,,,,,,,,,,,,,,,,,,,,
20191022w6c3qk8iyae6uqdnyyb96scn6y,406636954,130.8925018,-12.42389965,22/10/2019 19:50,25.4,,22.4,,,25.4,35,,,,1011.1,,83,0,0,2,67.5,7,90,,,,,,,,,,,,,,,,,,,,,,,,,,,,,,,,,,,,
20191022684gzk8ibae6uqdnyyb96scn6y,406636954,130.8925018,-12.42389965,22/10/2019 20:50,25.3,,22.2,,,25.2,25.3,,,,1011.4,,83,0,0,2,90,7,90,,,,,,,,,,,,,,,,,,,,,,,,,,,,,,,,,,,,
20191022pszsp7zinhe6uqdnyyb96sc6rw,406636954,130.8925018,-12.42389965,22/10/2019 21:50,27.3,,21.8,,,25.2,27.3,,,,1012.3,,72,0,0,6,90,7,90,,,,,,,,,,,,,,,,,,,,,,,,,,,,,,,,,,,,
201910224tuizwxidhe6uqdnyyb96scn6y,406636954,130.8925018,-12.42389965,22/10/2019 22:50,28.8,,22,,,25.2,28.9,,,,1012.9,,66,0,0,9,90,14,67.5,,,,,,,,,,,,,,,,,,,,,,,,,,,,,,,,,,,,
20191022fqu8cz8ifye6uqdnyyb96scn6y,406636954,130.8925018,-12.42389965,22/10/2019 23:50,30.7,,19.4,,,25.2,31,,,,1013,,51,0,0,13,45,17,67.5,,,,,,,,,,,,,,,,,,,,,,,,,,,,,,,,,,,,
﻿20191023xehpkd9igye6uqdnyyb96sc6rw,406636954,130.8925018,-12.42389965,23/10/2019 00:50,31.5,,18.2,,,25.2,32.4,,,,1012.7,,45,0,0,13,22.5,19,90,,,,,,,,,,,,,,,,,,,,,,,,,,,,,,,,,,,,
201910237nsdu99i8ye6uqdnyyb96scn6y,406636954,130.8925018,-12.42389965,23/10/2019 01:50,32.3,,17.7,,,25.2,33.8,,,,1012.1,,41,0,0,5,45,19,45,,,,,,,,,,,,,,,,,,,,,,,,,,,,,,,,,,,,
201910238w4e8sziere6uqdnyyb96sc6rw,406636954,130.8925018,-12.42389965,23/10/2019 02:50,34.6,,12.9,,,25.2,34.6,,,,1011.1,,27,0,0,17,22.5,26,22.5,,,,,,,,,,,,,,,,,,,,,,,,,,,,,,,,,,,,
20191023iwmzwm8ijre6uqdnyyb96sc6rw,406636954,130.8925018,-12.42389965,23/10/2019 03:50,35,,15.4,,,25.2,35.6,,,,1010,,31,0,0,15,22.5,26,22.5,,,,,,,,,,,,,,,,,,,,,,,,,,,,,,,,,,,,
20191023bdcesp9ikee6uqdnyyb96scn6y,406636954,130.8925018,-12.42389965,23/10/2019 04:50,33.3,,18.8,,,25.2,35.6,,,,1009,,42,0,0,14,22.5,26,22.5,,,,,,,,,,,,,,,,,,,,,,,,,,,,,,,,,,,,
20191023qe3jrjximee6uqdnyyb96sc6rw,406636954,130.8925018,-12.42389965,23/10/2019 05:50,32.2,,19.6,,,25.2,35.6,,,,1008.4,,47,0,0,16,0,27,0,,,,,,,,,,,,,,,,,,,,,,,,,,,,,,,,,,,,
20191023atd848xicee6uqdnyyb96sc6rw,406636954,130.8925018,-12.42389965,23/10/2019 06:50,32.4,,19,,,25.2,35.6,,,,1008.1,,45,0,0,17,22.5,27,0,,,,,,,,,,,,,,,,,,,,,,,,,,,,,,,,,,,,
20191023g31qtexipce6uqdnyyb96scn6y,406636954,130.8925018,-12.42389965,23/10/2019 07:50,31.8,,18.4,,,25.2,35.6,,,,1008,,45,0,0,18,45,27,0,,,,,,,,,,,,,,,,,,,,,,,,,,,,,,,,,,,,
20191023o9es8qziqce6uqdnyyb96sc6rw,406636954,130.8925018,-12.42389965,23/10/2019 08:50,30.6,,18.9,,,30.6,35.6,,,,1008.5,,49,0,0,15,22.5,27,0,,,,,,,,,,,,,,,,,,,,,,,,,,,,,,,,,,,,
20191023nn1mji9ixoe6uqdnyyb96scn6y,406636954,130.8925018,-12.42389965,23/10/2019 09:50,29.9,,19.9,,,29.8,35.6,,,,1009.7,,55,0,0,5,45,27,0,,,,,,,,,,,,,,,,,,,,,,,,,,,,,,,,,,,,
20191023jm4quhxiooe6uqdnyyb96scn6y,406636954,130.8925018,-12.42389965,23/10/2019 10:50,29.3,,21.6,,,29.3,35.6,,,,1010.2,,63,0,0,9,22.5,27,0,,,,,,,,,,,,,,,,,,,,,,,,,,,,,,,,,,,,
201910234jhgo88itoe6uqdnyyb96scn6y,406636954,130.8925018,-12.42389965,23/10/2019 11:50,29,,23.6,,,29,35.6,,,,1010.9,,72,0,0,11,292.5,27,0,,,,,,,,,,,,,,,,,,,,,,,,,,,,,,,,,,,,
20191023duizh69i1we6uqdnyyb96scn6y,406636954,130.8925018,-12.42389965,23/10/2019 12:50,28.5,,23.6,,,28.5,35.6,,,,1011.7,,75,0,0,6,270,27,0,,,,,,,,,,,,,,,,,,,,,,,,,,,,,,,,,,,,
20191023qnps1nxiuwe6uqdnyyb96sc6rw,406636954,130.8925018,-12.42389965,23/10/2019 13:50,28.3,,23.5,,,28.2,35.6,,,,1012,,75,0,0,3,247.5,27,0,,,,,,,,,,,,,,,,,,,,,,,,,,,,,,,,,,,,
2019102357966dziwwe6uqdnyyb96sc6rw,406636954,130.8925018,-12.42389965,23/10/2019 14:50,27.5,,23.4,,,27.5,35.6,,,,1011.6,,78,0,0,0,0,3,225,,,,,,,,,,,,,,,,,,,,,,,,,,,,,,,,,,,,
20191023go1d888iiae6uqdnyyb96scn6y,406636954,130.8925018,-12.42389965,23/10/2019 15:50,26.9,,21.8,,,26.9,35.6,,,,1011.3,,73,0,0,5,67.5,8,45,,,,,,,,,,,,,,,,,,,,,,,,,,,,,,,,,,,,
20191023zp8kxqxisae6uqdnyyb96scn6y,406636954,130.8925018,-12.42389965,23/10/2019 16:50,26.5,,21.4,,,26.5,35.6,,,,1010.9,,73,0,0,5,45,8,45,,,,,,,,,,,,,,,,,,,,,,,,,,,,,,,,,,,,
2019102367gwnz9izae6uqdnyyb96sc6rw,406636954,130.8925018,-12.42389965,23/10/2019 17:50,25.9,,21.4,,,25.8,35.6,,,,1010.5,,76,0,0,6,45,8,45,,,,,,,,,,,,,,,,,,,,,,,,,,,,,,,,,,,,
20191023onsdrpxiahe6uqdnyyb96scn6y,406636954,130.8925018,-12.42389965,23/10/2019 18:50,25.8,,21.6,,,25.7,35.6,,,,1010.6,,77,0,0,3,90,8,45,,,,,,,,,,,,,,,,,,,,,,,,,,,,,,,,,,,,
20191023ajsq9c8i3he6uqdnyyb96scn6y,406636954,130.8925018,-12.42389965,23/10/2019 19:50,25.6,,21.9,,,25.3,35.6,,,,1011.1,,80,0,0,2,90,8,45,,,,,,,,,,,,,,,,,,,,,,,,,,,,,,,,,,,,
201910238uptbgzi5ye6uqdnyyb96sc6rw,406636954,130.8925018,-12.42389965,23/10/2019 20:50,25.5,,21.6,,,25.3,25.5,,,,1011.8,,79,0,0,4,90,8,45,,,,,,,,,,,,,,,,,,,,,,,,,,,,,,,,,,,,
20191023x5jmyj8ihye6uqdnyyb96sc6rw,406636954,130.8925018,-12.42389965,23/10/2019 21:50,26.9,,22,,,25.3,26.9,,,,1012.3,,74,0,0,6,67.5,8,45,,,,,,,,,,,,,,,,,,,,,,,,,,,,,,,,,,,,
2019102363srtcxi7ye6uqdnyyb96scn6y,406636954,130.8925018,-12.42389965,23/10/2019 22:40,28.3,,21.7,,,25.3,28.4,,,,1013,,67,0,0,5,45,11,67.5,,,,,,,,,,,,,,,,,,,,,,,,,,,,,,,,,,,,
20191023ejtoik9i6re6uqdnyyb96scn6y,406636954,130.8925018,-12.42389965,23/10/2019 23:50,29.7,,20.8,,,25.3,30.1,,,,1013.5,,58,0,0,8,67.5,14,67.5,,,,,,,,,,,,,,,,,,,,,,,,,,,,,,,,,,,,
﻿201910243dngiyxi9re6uqdnyyb96scn6y,406636954,130.8925018,-12.42389965,24/10/2019 00:50,31,,20.5,,,25.3,32,,,,1013.2,,53,0,0,7,90,14,45,,,,,,,,,,,,,,,,,,,,,,,,,,,,,,,,,,,,
20191024bu6haq9syee6uqdnyyb96scn6y,406636954,130.8925018,-12.42389965,24/10/2019 01:50,32.5,,18.3,,,25.3,33.2,,,,1012.6,,43,0,0,10,22.5,15,67.5,,,,,,,,,,,,,,,,,,,,,,,,,,,,,,,,,,,,
20191024qu7e4zzsbee6uqdnyyb96sc6rw,406636954,130.8925018,-12.42389965,24/10/2019 02:50,32.7,,20.2,,,25.3,34.2,,,,1011.7,,47,0,0,14,0,17,22.5,,,,,,,,,,,,,,,,,,,,,,,,,,,,,,,,,,,,
201910243gjsxczsnee6uqdnyyb96scn6y,406636954,130.8925018,-12.42389965,24/10/2019 03:50,34,,15.5,,,25.3,35.5,,,,1010.6,,33,0,0,7,45,19,45,,,,,,,,,,,,,,,,,,,,,,,,,,,,,,,,,,,,
20191024mkqodpzsdce6uqdnyyb96scn6y,406636954,130.8925018,-12.42389965,24/10/2019 04:50,33.4,,18.5,,,25.3,35.5,,,,1009.4,,41,0,0,14,0,26,22.5,,,,,,,,,,,,,,,,,,,,,,,,,,,,,,,,,,,,
20191024toxu7o9srce6uqdnyyb96scn6y,406636954,130.8925018,-12.42389965,24/10/2019 05:50,33.1,,18.3,,,25.3,35.5,,,,1008.6,,41,0,0,18,0,26,22.5,,,,,,,,,,,,,,,,,,,,,,,,,,,,,,,,,,,,
201910249ujs3wzsfce6uqdnyyb96scn6y,406636954,130.8925018,-12.42389965,24/10/2019 06:50,32.7,,17.6,,,25.3,35.5,,,,1008.4,,40,0,0,17,0,26,22.5,,,,,,,,,,,,,,,,,,,,,,,,,,,,,,,,,,,,
20191024kbc5n7xsgoe6uqdnyyb96scn6y,406636954,130.8925018,-12.42389965,24/10/2019 07:50,31.6,,18.9,,,25.3,35.5,,,,1008.2,,47,0,0,13,22.5,26,22.5,,,,,,,,,,,,,,,,,,,,,,,,,,,,,,,,,,,,
20191024z9uubi9s8oe6uqdnyyb96sc6rw,406636954,130.8925018,-12.42389965,24/10/2019 08:50,30.9,,18.9,,,30.9,35.5,,,,1008.5,,48,0,0,14,22.5,26,22.5,,,,,,,,,,,,,,,,,,,,,,,,,,,,,,,,,,,,
20191024nxdou99sewe6uqdnyyb96scn6y,406636954,130.8925018,-12.42389965,24/10/2019 09:50,30.1,,19.8,,,30.1,35.5,,,,1009.2,,54,0,0,7,22.5,26,22.5,,,,,,,,,,,,,,,,,,,,,,,,,,,,,,,,,,,,
20191024o1dx718sjwe6uqdnyyb96scn6y,406636954,130.8925018,-12.42389965,24/10/2019 10:50,29.7,,21.2,,,29.7,35.5,,,,1010.1,,60,0,0,3,337.5,26,22.5,,,,,,,,,,,,,,,,,,,,,,,,,,,,,,,,,,,,
2019102454ff1u8skwe6uqdnyyb96scn6y,406636954,130.8925018,-12.42389965,24/10/2019 11:50,28.9,,23.1,,,28.8,35.5,,,,1011.3,,71,0,0,9,270,26,22.5,,,,,,,,,,,,,,,,,,,,,,,,,,,,,,,,,,,,
20191024pa99p5zsmae6uqdnyyb96scn6y,406636954,130.8925018,-12.42389965,24/10/2019 12:50,28.5,,22.9,,,28.5,35.5,,,,1011.5,,71,0,0,8,270,26,22.5,,,,,,,,,,,,,,,,,,,,,,,,,,,,,,,,,,,,
20191024wn4iifzscae6uqdnyyb96scn6y,406636954,130.8925018,-12.42389965,24/10/2019 13:50,28.3,,23,,,28.3,35.5,,,,1012,,73,0,0,7,270,26,22.5,,,,,,,,,,,,,,,,,,,,,,,,,,,,,,,,,,,,
20191024bk5kxczsphe6uqdnyyb96sc6rw,406636954,130.8925018,-12.42389965,24/10/2019 14:50,28.5,,22.6,,,28.1,35.5,,,,1011.5,,70,0,0,6,292.5,10,292.5,,,,,,,,,,,,,,,,,,,,,,,,,,,,,,,,,,,,
20191024cbtdq79sqhe6uqdnyyb96scn6y,406636954,130.8925018,-12.42389965,24/10/2019 15:50,28.3,,22.4,,,28.1,35.5,,,,1011,,70,0,0,3,315,10,292.5,,,,,,,,,,,,,,,,,,,,,,,,,,,,,,,,,,,,
201910245t1ph9xsxhe6uqdnyyb96scn6y,406636954,130.8925018,-12.42389965,24/10/2019 16:50,27.7,,22.4,,,27.6,35.5,,,,1010.9,,73,0,0,2,315,10,292.5,,,,,,,,,,,,,,,,,,,,,,,,,,,,,,,,,,,,
20191024rhuuc59stye6uqdnyyb96scn6y,406636954,130.8925018,-12.42389965,24/10/2019 17:50,26.9,,21.8,,,26.7,35.5,,,,1010.6,,73,0,0,3,337.5,10,292.5,,,,,,,,,,,,,,,,,,,,,,,,,,,,,,,,,,,,
20191024wdik778s1ye6uqdnyyb96scn6y,406636954,130.8925018,-12.42389965,24/10/2019 18:50,27.2,,22,,,26.7,35.5,,,,1011.2,,73,0,0,2,0,10,292.5,,,,,,,,,,,,,,,,,,,,,,,,,,,,,,,,,,,,
201910246f9yyd8suye6uqdnyyb96scn6y,406636954,130.8925018,-12.42389965,24/10/2019 19:50,27.1,,22,,,26.7,35.5,,,,1012,,73,0,0,4,0,10,292.5,,,,,,,,,,,,,,,,,,,,,,,,,,,,,,,,,,,,
20191024e7wf418swre6uqdnyyb96scn6y,406636954,130.8925018,-12.42389965,24/10/2019 20:50,26.9,,22,,,26.7,27.1,,,,1012.4,,74,0,0,4,0,10,292.5,,,,,,,,,,,,,,,,,,,,,,,,,,,,,,,,,,,,
20191024auerz4xsire6uqdnyyb96sc6rw,406636954,130.8925018,-12.42389965,24/10/2019 21:50,28,,22.1,,,26.7,28,,,,1013,,70,0,0,6,0,10,292.5,,,,,,,,,,,,,,,,,,,,,,,,,,,,,,,,,,,,
20191024dbw3az9ssee6uqdnyyb96scn6y,406636954,130.8925018,-12.42389965,24/10/2019 22:50,29.2,,21.6,,,26.7,29.3,,,,1013.6,,63,0,0,7,337.5,10,337.5,,,,,,,,,,,,,,,,,,,,,,,,,,,,,,,,,,,,
20191024ik7ex6zszee6uqdnyyb96sc6rw,406636954,130.8925018,-12.42389965,24/10/2019 23:50,30,,21.2,,,26.7,30.4,,,,1013.9,,59,0,0,8,0,10,337.5,,,,,,,,,,,,,,,,,,,,,,,,,,,,,,,,,,,,
﻿201910259qeyfyxsaee6uqdnyyb96scn6y,406636954,130.8925018,-12.42389965,25/10/2019 00:50,29.6,,21.9,,,26.7,30.4,,,,1013.7,,63,0,0,8,0,11,337.5,,,,,,,,,,,,,,,,,,,,,,,,,,,,,,,,,,,,
201910258sz7dyzs3ce6uqdnyyb96scn6y,406636954,130.8925018,-12.42389965,25/10/2019 01:50,31,,20.8,,,26.7,31.6,,,,1013.3,,54,0,0,10,315,12,292.5,,,,,,,,,,,,,,,,,,,,,,,,,,,,,,,,,,,,
2019102518379uzs4ce6uqdnyyb96sc6rw,406636954,130.8925018,-12.42389965,25/10/2019 02:50,31.3,,20.3,,,26.7,32.1,,,,1012.2,,52,0,0,10,337.5,14,337.5,,,,,,,,,,,,,,,,,,,,,,,,,,,,,,,,,,,,
20191025bubnrfxs5oe6uqdnyyb96scn6y,406636954,130.8925018,-12.42389965,25/10/2019 03:50,31.5,,20.2,,,26.7,33,,,,1010.6,,51,0,0,8,337.5,19,315,,,,,,,,,,,,,,,,,,,,,,,,,,,,,,,,,,,,
20191025k3d5zgxshoe6uqdnyyb96sc6rw,406636954,130.8925018,-12.42389965,25/10/2019 04:50,32.3,,19.6,,,26.7,33.1,,,,1009.9,,47,0,0,10,270,19,315,,,,,,,,,,,,,,,,,,,,,,,,,,,,,,,,,,,,
201910253cuujoxs7oe6uqdnyyb96scn6y,406636954,130.8925018,-12.42389965,25/10/2019 05:50,31.3,,19.4,,,26.7,33.1,,,,1009.4,,49,0,0,9,292.5,19,315,,,,,,,,,,,,,,,,,,,,,,,,,,,,,,,,,,,,
20191025rhmmhr9s6we6uqdnyyb96scn6y,406636954,130.8925018,-12.42389965,25/10/2019 06:50,27.4,,22.7,,,26.7,33.1,,,,1009,,75,0,0,8,225,19,202.5,,,,,,,,,,,,,,,,,,,,,,,,,,,,,,,,,,,,
20191025ujrz33xs9we6uqdnyyb96sc6rw,406636954,130.8925018,-12.42389965,25/10/2019 07:50,29.4,,21,,,26.7,33.1,,,,1008.3,,60,0,0,8,247.5,19,202.5,,,,,,,,,,,,,,,,,,,,,,,,,,,,,,,,,,,,
2019102551uhpizzywe6uqdnyyb96sc6rw,406636954,130.8925018,-12.42389965,25/10/2019 08:50,28.8,,21,,,28.5,33.1,,,,1008.6,,62,0,0,6,247.5,19,202.5,,,,,,,,,,,,,,,,,,,,,,,,,,,,,,,,,,,,
20191025jo769e8zbae6uqdnyyb96scn6y,406636954,130.8925018,-12.42389965,25/10/2019 09:50,28.8,,22.1,,,28.5,33.1,,,,1009,,67,0,0,9,270,19,202.5,,,,,,,,,,,,,,,,,,,,,,,,,,,,,,,,,,,,
20191025u9w8ooxznae6uqdnyyb96sc6rw,406636954,130.8925018,-12.42389965,25/10/2019 10:50,28.5,,23.1,,,28.5,33.1,,,,1009.9,,72,0,0,6,247.5,19,202.5,,,,,,,,,,,,,,,,,,,,,,,,,,,,,,,,,,,,
20191025nf4qe9xzdhe6uqdnyyb96sc6rw,406636954,130.8925018,-12.42389965,25/10/2019 11:50,28.4,,23,,,28.4,33.1,,,,1010.5,,72,0,0,5,270,19,202.5,,,,,,,,,,,,,,,,,,,,,,,,,,,,,,,,,,,,
20191025cpus5c8zrhe6uqdnyyb96sc6rw,406636954,130.8925018,-12.42389965,25/10/2019 12:50,28.3,,23.3,,,28.3,33.1,,,,1011.1,,74,0,0,5,270,19,202.5,,,,,,,,,,,,,,,,,,,,,,,,,,,,,,,,,,,,
201910254bp74i9zfhe6uqdnyyb96scn6y,406636954,130.8925018,-12.42389965,25/10/2019 13:50,28.3,,23.3,,,28.2,33.1,,,,1011.2,,74,0,0,3,292.5,19,202.5,,,,,,,,,,,,,,,,,,,,,,,,,,,,,,,,,,,,
20191025r7cp719z8ye6uqdnyyb96scn6y,406636954,130.8925018,-12.42389965,25/10/2019 14:50,28.5,,23.3,,,28.1,33.1,,,,1010.5,,73,0,0,5,315,6,315,,,,,,,,,,,,,,,,,,,,,,,,,,,,,,,,,,,,
2019102511w6ifzzeye6uqdnyyb96sc6rw,406636954,130.8925018,-12.42389965,25/10/2019 15:50,28.4,,23.5,,,28.1,33.1,,,,1010.3,,75,0,0,6,315,10,315,,,,,,,,,,,,,,,,,,,,,,,,,,,,,,,,,,,,
201910259rr443xzjye6uqdnyyb96scn6y,406636954,130.8925018,-12.42389965,25/10/2019 16:50,28,,23.2,,,28,33.1,,,,1009.9,,75,0,0,5,337.5,10,315,,,,,,,,,,,,,,,,,,,,,,,,,,,,,,,,,,,,
20191025pz893rzzkre6uqdnyyb96sc6rw,406636954,130.8925018,-12.42389965,25/10/2019 17:50,28,,23,,,27.9,33.1,,,,1009.6,,74,0,0,4,315,10,315,,,,,,,,,,,,,,,,,,,,,,,,,,,,,,,,,,,,
20191025i6fwzqzzmre6uqdnyyb96sc6rw,406636954,130.8925018,-12.42389965,25/10/2019 18:50,28.1,,22.7,,,27.9,33.1,,,,1009.4,,72,0,0,5,337.5,10,315,,,,,,,,,,,,,,,,,,,,,,,,,,,,,,,,,,,,
20191025pfzo75zzcee6uqdnyyb96scn6y,406636954,130.8925018,-12.42389965,25/10/2019 20:00,27.7,,23,,,27.6,33.1,,,,1010,,75,0,0,3,292.5,10,315,,,,,,,,,,,,,,,,,,,,,,,,,,,,,,,,,,,,
20191025q9fxtb8zpee6uqdnyyb96scn6y,406636954,130.8925018,-12.42389965,25/10/2019 20:50,26.8,,23.1,,,26.8,27.3,,,,1010.4,,80,0,0,2,270,10,315,,,,,,,,,,,,,,,,,,,,,,,,,,,,,,,,,,,,
20191025yf97tn8zqce6uqdnyyb96scn6y,406636954,130.8925018,-12.42389965,25/10/2019 21:50,28.2,,23.4,,,26.8,28.2,,,,1011.4,,75,0,0,4,225,10,315,,,,,,,,,,,,,,,,,,,,,,,,,,,,,,,,,,,,
20191025jrmsz48zxce6uqdnyyb96scn6y,406636954,130.8925018,-12.42389965,25/10/2019 22:50,29.2,,22.6,,,26.8,29.4,,,,1012.2,,67,0,0,5,225,10,315,,,,,,,,,,,,,,,,,,,,,,,,,,,,,,,,,,,,
20191025zhod8b9zoce6uqdnyyb96scn6y,406636954,130.8925018,-12.42389965,25/10/2019 23:50,29.3,,22.7,,,26.8,29.8,,,,1012.2,,67,0,0,2,292.5,10,315,,,,,,,,,,,,,,,,,,,,,,,,,,,,,,,,,,,,
﻿201910269rs7jg9ztce6uqdnyyb96sc6rw,406636954,130.8925018,-12.42389965,26/10/2019 00:50,30.9,,22.1,,,26.8,32.3,,,,1011.9,,59,0,0,5,247.5,10,315,,,,,,,,,,,,,,,,,,,,,,,,,,,,,,,,,,,,
20191026c6nh3pzz1oe6uqdnyyb96sc6rw,406636954,130.8925018,-12.42389965,26/10/2019 01:50,31.9,,20.5,,,26.8,32.6,,,,1011.4,,51,0,0,5,180,16,202.5,,,,,,,,,,,,,,,,,,,,,,,,,,,,,,,,,,,,
20191026ambe53xzuoe6uqdnyyb96scn6y,406636954,130.8925018,-12.42389965,26/10/2019 02:50,33.5,,19.4,,,26.8,33.9,,,,1010,,43,0,0,7,292.5,16,202.5,,,,,,,,,,,,,,,,,,,,,,,,,,,,,,,,,,,,
20191026g518cu8zwwe6uqdnyyb96scn6y,406636954,130.8925018,-12.42389965,26/10/2019 03:50,33.5,,21.2,,,26.8,34.2,,,,1008.8,,48,0,0,11,292.5,16,292.5,,,,,,,,,,,,,,,,,,,,,,,,,,,,,,,,,,,,
20191026oyomgfzziwe6uqdnyyb96sc6rw,406636954,130.8925018,-12.42389965,26/10/2019 04:50,33.4,,21.8,,,26.8,34.2,,,,1007.5,,50,0,0,14,292.5,19,292.5,,,,,,,,,,,,,,,,,,,,,,,,,,,,,,,,,,,,
201910266n6ysy9zswe6uqdnyyb96sc6rw,406636954,130.8925018,-12.42389965,26/10/2019 05:50,31.7,,22.7,,,26.8,34.2,,,,1007.1,,59,0,0,13,292.5,19,315,,,,,,,,,,,,,,,,,,,,,,,,,,,,,,,,,,,,
20191026epybt4zzzae6uqdnyyb96sc6rw,406636954,130.8925018,-12.42389965,26/10/2019 06:50,31.6,,22.7,,,26.8,34.2,,,,1006.8,,59,0,0,12,315,19,315,,,,,,,,,,,,,,,,,,,,,,,,,,,,,,,,,,,,
20191026zrfqij8zaae6uqdnyyb96scn6y,406636954,130.8925018,-12.42389965,26/10/2019 07:50,31.5,,22.3,,,26.8,34.2,,,,1006.6,,58,0,0,15,292.5,19,315,,,,,,,,,,,,,,,,,,,,,,,,,,,,,,,,,,,,
20191026buwi5f8z3he6uqdnyyb96scn6y,406636954,130.8925018,-12.42389965,26/10/2019 08:50,30.7,,21.7,,,30.4,34.2,,,,1007.4,,58,0,0,10,270,19,315,,,,,,,,,,,,,,,,,,,,,,,,,,,,,,,,,,,,
20191026qkafe9xz4he6uqdnyyb96scn6y,406636954,130.8925018,-12.42389965,26/10/2019 09:50,29,,22.9,,,29,34.2,,,,1008.8,,69,0,0,4,270,19,315,,,,,,,,,,,,,,,,,,,,,,,,,,,,,,,,,,,,
201910263e95if9z5he6uqdnyyb96sc6rw,406636954,130.8925018,-12.42389965,26/10/2019 10:50,25,,22,,,24.9,34.2,,,,1009.8,,83,0,0,10,22.5,20,45,,,,,,,,,,,,,,,,,,,,,,,,,,,,,,,,,,,,
20191026ku153y9z7ye6uqdnyyb96scn6y,406636954,130.8925018,-12.42389965,26/10/2019 11:50,25.4,,22,,,24.7,34.2,,,,1009.7,,81,0,0,4,315,20,45,,,,,,,,,,,,,,,,,,,,,,,,,,,,,,,,,,,,
20191026i9nygz8z6ye6uqdnyyb96sc6rw,406636954,130.8925018,-12.42389965,26/10/2019 12:50,27,,22.7,,,24.7,34.2,,,,1010,,77,0,0,5,0,20,45,,,,,,,,,,,,,,,,,,,,,,,,,,,,,,,,,,,,
20191026ycxdocxz9re6uqdnyyb96scn6y,406636954,130.8925018,-12.42389965,26/10/2019 13:50,28.2,,22.6,,,24.7,34.2,,,,1010,,71,0,0,9,0,20,45,,,,,,,,,,,,,,,,,,,,,,,,,,,,,,,,,,,,
20191026kx3rkd9ayre6uqdnyyb96scn6y,406636954,130.8925018,-12.42389965,26/10/2019 14:50,27.1,,22.8,,,24.7,34.2,,,,1009.9,,77,0,0,4,315,6,315,,,,,,,,,,,,,,,,,,,,,,,,,,,,,,,,,,,,
2019102675apep9abre6uqdnyyb96sc6rw,406636954,130.8925018,-12.42389965,26/10/2019 15:50,25.5,,23,,,24.7,34.2,,,,1009.2,,86,0,0,5,67.5,7,337.5,,,,,,,,,,,,,,,,,,,,,,,,,,,,,,,,,,,,
20191026najzw68anee6uqdnyyb96sc6rw,406636954,130.8925018,-12.42389965,26/10/2019 16:50,25.2,,22.7,,,24.7,34.2,,,,1008.7,,86,0,0,2,67.5,7,337.5,,,,,,,,,,,,,,,,,,,,,,,,,,,,,,,,,,,,
20191026sypsdy9adee6uqdnyyb96sc6rw,406636954,130.8925018,-12.42389965,26/10/2019 17:50,25.2,,22.8,,,24.7,34.2,,,,1008.3,,86,0,0,3,67.5,7,337.5,,,,,,,,,,,,,,,,,,,,,,,,,,,,,,,,,,,,
20191026hrsmym9aree6uqdnyyb96scn6y,406636954,130.8925018,-12.42389965,26/10/2019 18:50,25,,22.8,,,24.7,34.2,,,,1008.4,,87,0,0,2,90,7,337.5,,,,,,,,,,,,,,,,,,,,,,,,,,,,,,,,,,,,
20191026ezwcmjzafce6uqdnyyb96scn6y,406636954,130.8925018,-12.42389965,26/10/2019 19:50,25.2,,22.2,,,24.7,34.2,,,,1009.1,,83,0,0,7,67.5,9,67.5,,,,,,,,,,,,,,,,,,,,,,,,,,,,,,,,,,,,
20191026uuy6wkxagce6uqdnyyb96sc6rw,406636954,130.8925018,-12.42389965,26/10/2019 20:50,25.2,,22.2,,,24.7,25.2,,,,1009.3,,83,0,0,4,45,9,67.5,,,,,,,,,,,,,,,,,,,,,,,,,,,,,,,,,,,,
20191026d6okbo8a8oe6uqdnyyb96sc6rw,406636954,130.8925018,-12.42389965,26/10/2019 21:50,27.2,,22.2,,,24.7,27.2,,,,1009.9,,74,0,0,4,45,9,67.5,,,,,,,,,,,,,,,,,,,,,,,,,,,,,,,,,,,,
20191026qra8ce9aeoe6uqdnyyb96scn6y,406636954,130.8925018,-12.42389965,26/10/2019 22:50,28.2,,23.2,,,24.7,28.3,,,,1011,,74,0,0,2,337.5,9,67.5,,,,,,,,,,,,,,,,,,,,,,,,,,,,,,,,,,,,
201910265fkdts9ajoe6uqdnyyb96scn6y,406636954,130.8925018,-12.42389965,26/10/2019 23:50,29.6,,23,,,24.7,29.8,,,,1010.8,,67,0,0,1,337.5,9,67.5,,,,,,,,,,,,,,,,,,,,,,,,,,,,,,,,,,,,
